Timestep,Probs
1,"[0.18800000000000014, 0.20400000000000015, 0.1360000000000001, 0.2480000000000002, 0.22400000000000017]"
2,"[0.3386342488724513, 0.33956940653351325, 0.21608962641211532, 0.048643932826335765, 0.05706278535558436]"
3,"[0.3314920459341837, 0.3957969424145378, 0.25125612833853495, 0.0034998743949543965, 0.017955008917789016]"
4,"[0.5440607564088766, 0.03373578477358211, 0.39423477494506604, 0.0016679854328379281, 0.02630069843963876]"
5,"[0.5751998804000081, 0.00047670615351754826, 0.41788644362064886, 0.00023844359775994616, 0.006198526228068236]"
6,"[0.16153802354957247, 2.787263355466172e-5, 0.826699771125898, 2.7872522833512436e-5, 0.011706460168142292]"
7,"[0.03938559130863047, 2.1823734798208275e-6, 0.9597368816805157, 5.687941788695623e-8, 0.0008752877579577645]"
