Timestep,Probs
1,"[0.2244897959183671, 0.22040816326530588, 0.17142857142857126, 0.17142857142857126, 0.21224489795918344]"
2,"[0.30712460464426894, 0.3549083245184371, 0.24283172539985298, 0.052128945582726266, 0.04300639985471488]"
3,"[0.33930911408035674, 0.41279458117848994, 0.21604424402843103, 0.004628403409795345, 0.027223657302925447]"
4,"[0.6754466480428912, 0.037093660675730646, 0.2854576499825485, 0.00020939990561400607, 0.001792641393215722]"
5,"[0.7104318670237075, 1.2865502259088405e-5, 0.28884747304210723, 0.00024044028242148748, 0.00046735414950446156]"
6,"[0.28958253167781645, 8.693808708956628e-13, 0.7103459184088932, 3.000622982949134e-10, 7.154961236030357e-5]"
7,"[0.06317066496154314, 1.9962634196598464e-22, 0.9367672616190035, 1.0339485459336491e-16, 6.207341945464527e-5]"
