Timestep,Probs
1,"[0.19800000000000015, 0.20600000000000016, 0.18800000000000014, 0.21200000000000016, 0.19600000000000015]"
2,"[0.13664596515402155, 0.24534161294279505, 0.03726708881030524, 0.295031052016461, 0.28571428107641583]"
3,"[0.07301439143640064, 0.2638604478395835, 0.027792329012340706, 0.3228739058784698, 0.31245892583320506]"
4,"[1.026014181658263e-8, 0.22510823923891723, 0.017316025443802667, 0.38528136162393645, 0.37229436343320216]"
5,"[4.106789801133525e-14, 0.022547111516178595, 4.7928873949279643e-5, 0.9546764030730329, 0.022728556536799487]"
6,"[1.5419884221677048e-12, 4.855855391427541e-9, 4.81518428978517e-10, 0.9885026031736042, 0.011497391487475521]"
7,"[7.34606611759433e-24, 1.0409253780313751e-15, 1.1563964493144582e-17, 0.9999981810771127, 1.8189228860643288e-6]"
