Timestep,Probs
1,"[0.13907284768211928, 0.23841059602649023, 0.19205298013245045, 0.23178807947019883, 0.19867549668874185]"
2,"[0.26949525105626126, 0.15603362212528896, 0.3404160587578727, 0.12764998231772354, 0.10640508574285308]"
3,"[0.3504623567349891, 0.07892237540335965, 0.3816223265564266, 0.05834236201240182, 0.1306505792928222]"
4,"[0.38914520610357695, 0.03464227190035979, 0.4434180379571743, 0.07852230928429518, 0.05427217475459435]"
5,"[0.386514334448151, 0.013463953817156484, 0.45317459263415916, 0.0668601549151367, 0.07998696418539626]"
6,"[0.40905224422929815, 0.022763992386470595, 0.41763643245261833, 0.09373431748708573, 0.056813013444525745]"
7,"[0.49046569495260117, 0.008001758513195503, 0.43528511874602177, 0.03421599206568003, 0.03203143572250072]"
