Timestep,Probs
1,"[0.19354838709677405, 0.21370967741935468, 0.2016129032258063, 0.20967741935483855, 0.18145161290322567]"
2,"[0.31007727760674203, 0.31905333423541804, 0.2807016747266146, 0.05426372084280375, 0.03590399258842197]"
3,"[0.34529437513864064, 0.27736703589339484, 0.3449990771734966, 0.015610509521488515, 0.01672900227297834]"
4,"[0.499686723664477, 0.020109117698246737, 0.452524823754981, 0.023758005027645454, 0.0039213298546489795]"
5,"[0.516881110671913, 0.00022668500803566823, 0.4522899632797247, 0.03014887462644626, 0.0004533664138812131]"
6,"[0.13029891569697222, 8.969531996918473e-9, 0.8654360642903697, 0.0037074932597125163, 0.000557517783415416]"
7,"[0.0067162353652324685, 2.7053453826684607e-16, 0.9930275671170202, 0.00021809987265275786, 3.809764509659158e-5]"
