Timestep,Probs
1,"[0.20185614849187983, 0.19025522041763382, 0.180974477958237, 0.22737819025522105, 0.19953596287703063]"
2,"[0.18199361281676, 0.2606514745921759, 0.03354556973511269, 0.2770386476038354, 0.24677069525211429]"
3,"[0.17779664628546482, 0.24876090731808745, 0.02543797633535481, 0.2901968416946964, 0.25780762836639676]"
4,"[0.01337358367187537, 0.3023735130536253, 0.0026605832441009636, 0.3511779883847952, 0.33041433164560446]"
5,"[0.0020011275868555807, 0.06178901532360693, 0.0005112512831519258, 0.8882714677263551, 0.04742713808003131]"
6,"[0.0009103220679858521, 0.0025792535780146445, 0.0009104305542349941, 0.9946896657637057, 0.0009103280360646931]"
7,"[5.728994661354169e-5, 0.0001337349253153399, 4.294927764656635e-5, 0.9997225788640306, 4.344698639052906e-5]"
