Timestep,Probs
1,"[0.1722846441947566, 0.19850187265917613, 0.23220973782771553, 0.19101123595505626, 0.205992509363296]"
2,"[0.13312798002675058, 0.16737225936061806, 0.09734552139621384, 0.2862636241453393, 0.31589061507107785]"
3,"[0.09468592260502845, 0.18020568940149004, 0.04093539466642146, 0.35099332076471884, 0.33317967256234127]"
4,"[0.020305340091046852, 0.18709488561619092, 0.018912783316717523, 0.4244278486422363, 0.3492591423338078]"
5,"[0.0021558688382190844, 0.06251268680408215, 0.02370084354174969, 0.8715551393809043, 0.04007546143504732]"
6,"[7.214603974590117e-5, 0.00392821456532233, 0.001548870769224252, 0.9883629221767608, 0.006087846448947814]"
7,"[2.3465418068533507e-6, 0.0001992204320970285, 0.00010060993109153276, 0.9984423411096545, 0.0012554819853506103]"
