Timestep,Probs
1,"[0.17557251908396965, 0.22137404580152698, 0.25954198473282475, 0.17557251908396965, 0.1679389312977101]"
2,"[0.1599116989124646, 0.28481936532418717, 0.05490084098378726, 0.24060409929392046, 0.259763995485641]"
3,"[0.08594524780277586, 0.3631076228075398, 0.0372797017889526, 0.27729433655654545, 0.2363730910441845]"
4,"[0.022657809792656063, 0.37557968969230204, 0.02177976710049094, 0.33545120976626064, 0.24453152364829092]"
5,"[0.0073598948184565565, 0.10104091683543194, 0.008133987225963446, 0.8494250690609793, 0.0340401320591691]"
6,"[0.000530948789046496, 0.00738038773111626, 0.0014866585185435571, 0.9847068925554548, 0.005895112405840176]"
7,"[0.010013357262629526, 0.0004769202516718084, 0.0014366932719608809, 0.9875961998805386, 0.0004768293331991789]"
