Timestep,Probs
1,"[0.17968750000000003, 0.16406250000000003, 0.24218750000000003, 0.19531250000000003, 0.21875000000000003]"
2,"[0.2559025237674412, 0.09055482843465591, 0.45667381467429613, 0.09843313585874355, 0.09843569726486255]"
3,"[0.3239306384685232, 0.026640497952772995, 0.5630334021047982, 0.02529439254231688, 0.06110106893158891]"
4,"[0.34500667766042437, 0.00843074141772898, 0.6018148307922517, 0.029183057512861443, 0.015564692616734137]"
5,"[0.33601384223149994, 2.193302065583813e-5, 0.6198726500433008, 0.028122141655136434, 0.01596943304940762]"
6,"[0.34746022579223773, 1.1534405189963011e-5, 0.6104272311261499, 0.025282279503632304, 0.01681872917279148]"
7,"[0.3770453928475694, 0.005091053499778397, 0.6025589242906103, 0.010211075676390836, 0.005093553685650535]"
