Scenario,Corrolation
1_1,0.9120836561763354
1_2,0.9667107245151976
1_3,0.9854478483418686
1_4,0.9405227469289301
2_1,0.931376014370779
2_2,0.9106287604312662
2_3,0.6395856090669582
2_4,0.9695747534246133
3_1,0.43050114496353076
3_2,-0.18715202350070884
3_3,-0.3431257561289263
3_4,0.9776285960428942
4_1,0.6972653732479912
4_2,0.5912746036057113
4_3,0.4802252863172488
4_4,0.9647697378465919
