Timestep,Probs
1,"[0.21370967741935468, 0.18145161290322567, 0.21370967741935468, 0.23790322580645143, 0.1532258064516128]"
2,"[0.4247201838943167, 0.09179798547901864, 0.3451638968728571, 0.07405752863798698, 0.0642604051158207]"
3,"[0.5153044220124305, 0.025536793856784357, 0.40802275182572356, 0.027404247129165907, 0.023731785175895637]"
4,"[0.5349511406734951, 0.011407615689880931, 0.39611126085460824, 0.04685051467866268, 0.010679468103352798]"
5,"[0.49789142914358686, 0.10312048962556858, 0.3518734988183965, 0.03887633772364227, 0.008238244688808558]"
6,"[0.5240434828750536, 0.016832154109768852, 0.4140290624190781, 0.04429077307887186, 0.0008045275172269175]"
7,"[0.5486720509782101, 0.0013963607706316372, 0.44681045164772654, 0.003071314916243193, 4.982168719016073e-5]"
