Timestep,Probs
1,"[0.1795918367346937, 0.22857142857142831, 0.23673469387755075, 0.1346938775510203, 0.22040816326530588]"
2,"[0.457798504116178, 0.05556245032874454, 0.36216311987584104, 0.0330533244819493, 0.09142260119728723]"
3,"[0.5449637405186302, 0.04534235315953657, 0.3724339312467005, 0.02653492287320744, 0.010725052201925664]"
4,"[0.5900827335187487, 0.019920632203683186, 0.3579913045440729, 0.022522294211244583, 0.009483035522251076]"
5,"[0.41650479345178587, 0.0845362177076129, 0.47142348611795415, 0.019376835249356645, 0.00815866747329138]"
6,"[0.37641229656981556, 0.019748927430114815, 0.5677769229867324, 0.020531566399840655, 0.015530286613496282]"
7,"[0.3601281057194131, 0.0026775621628776637, 0.6201711745573886, 0.0012548874567499407, 0.015768270103570875]"
