Timestep,Probs
1,"[0.17241379310344812, 0.20402298850574693, 0.19252873563218373, 0.24137931034482735, 0.18965517241379293]"
2,"[0.39504262715200167, 0.06351326958748439, 0.4219480524004827, 0.061364862017783975, 0.058131188842247175]"
3,"[0.4344459033413816, 0.015690561394295116, 0.46779938177460395, 0.018184110181855773, 0.0638800433078644]"
4,"[0.47749553739145334, 0.0022897033649056622, 0.48750502470163265, 0.010205426643418997, 0.0225043078985875]"
5,"[0.49308792275181873, 0.0018151889697597817, 0.46643482296981364, 0.012640257463108174, 0.026021807845498197]"
6,"[0.49879945952507493, 0.0016275020710673836, 0.4709684657084947, 0.018561541095083015, 0.010043031600280512]"
7,"[0.5440950963849905, 6.8038918983698385e-6, 0.4503856176266897, 0.0027604379406512974, 0.0027520441557719274]"
