Scenario,Corrolation
1_1,0.9593493402483396
1_2,0.9668765317228314
1_3,0.9701606400367607
1_4,0.9957559067574746
2_1,0.9687989091063873
2_2,0.9236405298370856
2_3,0.6157323630009977
2_4,0.6219542710978831
3_1,0.9514815959600585
3_2,0.9463455299060871
3_3,0.8780201327506978
3_4,0.8195763781854186
4_1,0.9218385173042839
4_2,0.45211985316729153
4_3,0.062323228623002144
4_4,0.8786073404708256
