Scenario,Corrolation
1_1,0.9397490266352917
1_2,0.9657797211379174
1_3,0.972308806999129
1_4,0.9917670088816366
2_1,0.815897963141129
2_2,0.9311065438165438
2_3,0.7725135443528638
2_4,0.5062820535876107
3_1,0.9391338953407836
3_2,0.9700065864364751
3_3,0.8715692872249705
3_4,0.6694412882129482
4_1,0.6320955460465653
4_2,0.6706646602390002
4_3,-0.09083317084239684
4_4,0.8029408456884274
