Scenario,Corrolation
1_1,0.921181564892325
1_2,0.9647817577250641
1_3,0.9702466504408626
1_4,0.9886869030071073
2_1,0.9676021352744866
2_2,0.9441366720175666
2_3,0.7580902745079072
2_4,0.586590749336833
3_1,0.9611522066547069
3_2,0.9666387679255465
3_3,0.9529364380643601
3_4,0.7563009850813633
4_1,0.8957919331276084
4_2,0.7472774141628336
4_3,0.5687629357052055
4_4,0.9395740348642422
