Scenario,Corrolation
1_1,0.9161086621444234
1_2,0.9720823687030158
1_3,0.9599888085747156
1_4,0.9966728737099707
2_1,0.9594518505702353
2_2,0.8866373347296428
2_3,0.7091856926751863
2_4,0.6111987417592092
3_1,0.9589743704021244
3_2,0.9376635937275105
3_3,0.9391992231145266
3_4,0.7595130890849456
4_1,0.8658852909299565
4_2,0.7825367499893381
4_3,0.898226515590558
4_4,0.9467575184019396
