Timestep,Probs
1,"[0.18666666666666645, 0.2033333333333331, 0.1933333333333331, 0.19999999999999976, 0.2166666666666664]"
2,"[0.2983425226483558, 0.3314916904197039, 0.29281765949211847, 0.060773531938862875, 0.016574595500959712]"
3,"[0.29113991201544487, 0.3733700626848967, 0.3037858817696718, 0.019038883149940282, 0.0126652603800462]"
4,"[0.46938723479308064, 1.1328446506486756e-6, 0.4897953347538805, 0.03061222640789988, 0.010204071200490165]"
5,"[0.47422605889400926, 1.744433830213675e-10, 0.4948445831644825, 0.030927786472727013, 1.5712943380073382e-6]"
6,"[0.020008638677068164, 5.839885486933196e-19, 0.9599915367121438, 0.019999824610717733, 7.081349893770297e-14]"
7,"[2.973833023310988e-5, 2.833999234351314e-9, 0.9999423784548628, 2.788028409497772e-5, 9.680730643112281e-11]"
