Scenario,Corrolation
1_1,0.9524426115472515
1_2,0.966598913817829
1_3,0.9623314432641887
1_4,0.997435545829304
2_1,0.972647937561764
2_2,0.9250541919592864
2_3,0.7924624075325785
2_4,0.49358548341482034
3_1,0.976765361106224
3_2,0.9691772013628235
3_3,0.9661178691689958
3_4,0.8087157812303252
4_1,0.9520499986565059
4_2,0.7169406066625328
4_3,-0.2714349915454518
4_4,0.7644744256575866
