Scenario,Corrolation
1_1,0.9030442325110025
1_2,0.9681947070350481
1_3,0.970709105027833
1_4,0.9939883988551206
2_1,0.9714036677697326
2_2,0.9200440574639557
2_3,0.8183093897738013
2_4,0.5602223895268659
3_1,0.9480137470923076
3_2,0.9633787159079203
3_3,0.9491524049011352
3_4,0.8310308560620097
4_1,0.8024545524676029
4_2,0.879125849069028
4_3,-0.13001303965620414
4_4,0.897526020619085
