Timestep,Probs
1,"[0.2129032258064515, 0.2580645161290321, 0.14193548387096774, 0.1870967741935483, 0.1999999999999999]"
2,"[0.24496594858090123, 0.2986574165967559, 0.11409410468307625, 0.19127583603892223, 0.15100669410034478]"
3,"[0.1268470496930066, 0.19716199373225915, 0.028280944322270633, 0.29573048201132673, 0.3519795302411371]"
4,"[0.047924046298736915, 0.18849926318360444, 0.025559110140286126, 0.150160561111336, 0.5878570192660366]"
5,"[0.00967327733042812, 0.11330999377765315, 0.014518154005858496, 0.053088426390631833, 0.8094101484954287]"
6,"[0.006161161219237272, 0.028750131621392977, 0.010277806300158916, 0.0020533099911776067, 0.9527575908680328]"
7,"[0.0011968585058686606, 0.008158637846701997, 0.0023376119229712783, 7.891074159010594e-8, 0.988306812813715]"
