Timestep,Probs
1,"[0.19212962962962976, 0.21990740740740766, 0.18981481481481494, 0.1689814814814815, 0.22916666666666696]"
2,"[0.13209679260296456, 0.25189976952485726, 0.06303119085495416, 0.2599461020927935, 0.29302614492443035]"
3,"[0.06661679496973491, 0.29617702660031114, 0.02266882963896232, 0.29475174264560594, 0.31978560614538737]"
4,"[0.013709773979712254, 0.2811789855625191, 0.0022828644252872138, 0.3679567953407607, 0.3348715806917222]"
5,"[0.002406645444888279, 0.06035367558754938, 0.0010508999863137645, 0.8946200888034428, 0.041568690177808405]"
6,"[0.000176396793125375, 0.013431741438047087, 5.040019599489816e-5, 0.9824856051958714, 0.0038558563769578885]"
7,"[0.002989170971886815, 0.003590915828405224, 0.00015421950636913606, 0.9911728410224796, 0.0020928526708656726]"
