Timestep,Probs
1,"[0.21367521367521336, 0.21794871794871762, 0.18376068376068355, 0.19658119658119633, 0.1880341880341878]"
2,"[0.43964171221610315, 0.03926152782969036, 0.4101934661820218, 0.055943656248897265, 0.05495963752328763]"
3,"[0.4853561440614625, 0.02052269098394527, 0.4375371622703895, 0.031048007680791863, 0.025535995003409903]"
4,"[0.5527713735617763, 0.00741624518202008, 0.42400427567904986, 0.015084849073572461, 0.0007232565035795184]"
5,"[0.5437783017959692, 0.008269695404453358, 0.42206031397516625, 0.02500954052378532, 0.0008821483006246145]"
6,"[0.49667829557966275, 0.0020814564752739554, 0.47224201321959536, 0.02822053100379665, 0.0007777037216717132]"
7,"[0.5129732775489048, 0.0013348610261421894, 0.4829415527953423, 0.002678263829603964, 7.204480000766361e-5]"
