Timestep,Probs
1,"[0.18253968253968234, 0.21031746031746001, 0.21428571428571397, 0.23412698412698374, 0.1587301587301586]"
2,"[0.33798373649501123, 0.10824199945200644, 0.43086304789104757, 0.04818751050279216, 0.07472370565914278]"
3,"[0.39211286929166467, 0.04470169530946598, 0.5446773987785187, 0.009435999802178406, 0.00907203681817207]"
4,"[0.43939811036190096, 0.0026875337696223188, 0.5361459642845005, 0.02069332713055728, 0.0010750644534197038]"
5,"[0.41347845999871546, 0.020041833118719612, 0.5440800455530781, 0.0154012476156551, 0.006998413713832926]"
6,"[0.4151720190477726, 0.0030273124256283038, 0.5708655946300121, 0.009421455519866988, 0.001513618376721125]"
7,"[0.4288029068911129, 0.0016419465014867029, 0.5686533843561942, 0.0007787910744675753, 0.00012297117673859897]"
