Timestep,Probs
1,"[0.17557251908396965, 0.23664122137404608, 0.19083969465648876, 0.1984732824427483, 0.1984732824427483]"
2,"[0.13869926453343356, 0.31081542734903334, 0.06575663920734438, 0.23607604903914117, 0.24865261987104834]"
3,"[0.12721367161787636, 0.34184190030197104, 0.06204649312918065, 0.24290443823552535, 0.22599349671544688]"
4,"[0.02370765979938295, 0.3850071959643507, 0.021033978095290885, 0.26012454302694304, 0.3101266231140321]"
5,"[0.0033269844570473044, 0.2037114214580117, 0.003990286565180768, 0.7388384419923483, 0.0501328655274125]"
6,"[0.00025455453847402745, 0.04750627679365514, 0.0002545559316872275, 0.9432786245711665, 0.00870598816501529]"
7,"[0.00024839287650080456, 0.020370311650352635, 0.0004967837551689158, 0.9775195458507044, 0.00136496586726874]"
