Timestep,Probs
1,"[0.21348314606741586, 0.17602996254681652, 0.20224719101123606, 0.19850187265917613, 0.20973782771535593]"
2,"[0.12026902461584271, 0.24372095190938145, 0.09338544371128017, 0.2507959275458873, 0.2918286522176078]"
3,"[0.08315455630505873, 0.2737739417471778, 0.038436647088336884, 0.275652886969446, 0.32898196788997885]"
4,"[0.0329672572683228, 0.259100155634056, 0.016933981972838727, 0.32457204663716605, 0.3664265584876169]"
5,"[0.06171034259472085, 0.06693171120389234, 0.0037398870304276707, 0.7842054020631479, 0.083412657107812]"
6,"[0.004787401536271356, 0.004590965172602226, 0.0001975574046178619, 0.980058468909596, 0.01036560697691409]"
7,"[0.00044690666439692935, 0.0004468969016378077, 0.0002292722096787137, 0.9986534757606853, 0.00022344846360373963]"
