Timestep,Probs
1,"[0.20000000000000015, 0.20200000000000015, 0.20400000000000015, 0.21000000000000016, 0.18400000000000014]"
2,"[0.3310341470122695, 0.2862070204857381, 0.2999999295072985, 0.05517247919497246, 0.027586423799721524]"
3,"[0.3565191359500126, 0.3114494736270629, 0.32374299764309666, 0.008258414654693584, 2.9978125135346343e-5]"
4,"[0.5370365196221096, 8.827699615298628e-7, 0.45061687265336575, 0.012345713193913, 1.1760647724298438e-8]"
5,"[0.5374993568868406, 1.3622879396761786e-10, 0.4500008572467784, 0.012499785729955939, 1.99708077219861e-13]"
6,"[0.07793403374757708, 2.2712749988972366e-15, 0.9220657460174286, 2.20234992743557e-7, 1.0817152119544558e-21]"
7,"[6.522050801101698e-5, 9.337588429253587e-10, 0.9999347785436498, 6.6444826549173015e-12, 7.944124881782654e-12]"
