Timestep,Probs
1,"[0.19200000000000014, 0.19400000000000014, 0.22600000000000017, 0.18800000000000014, 0.20000000000000015]"
2,"[0.2941176460185788, 0.3148788193748855, 0.32871958505361654, 0.03806249402502393, 0.024221455527895817]"
3,"[0.3198022999480053, 0.3238735790708703, 0.3441168645609528, 0.004093558392367238, 0.00811369802780673]"
4,"[0.5031836981806148, 9.268646815218422e-7, 0.49044490487476133, 0.00636947383048262, 9.962494617777779e-7]"
5,"[0.5064097615022553, 1.3975184055322195e-10, 0.4871799881110715, 0.006410250228328056, 1.859149129951943e-11]"
6,"[0.08537510602649301, 3.1989082610569577e-15, 0.9146246874501771, 2.0652332518936508e-7, 7.31440264134392e-18]"
7,"[0.01328463062592725, 5.140142186822425e-11, 0.9867153693220313, 6.344887490591526e-13, 1.566638886565818e-14]"
