Timestep,Probs
1,"[0.2055335968379448, 0.1897233201581029, 0.2055335968379448, 0.20158102766798433, 0.19762845849802385]"
2,"[0.4073837801753476, 0.08767206126633612, 0.3684880417739538, 0.050100424935975725, 0.08635569184838557]"
3,"[0.4481739892387518, 0.06128104305470581, 0.433002584619943, 0.014064880306355292, 0.04347750278024333]"
4,"[0.5082438396676802, 0.008256480842503595, 0.46649340165035735, 0.014256311196483396, 0.002749966642974337]"
5,"[0.5162773679397163, 0.014302180407161318, 0.44552268657260335, 0.016609514858572302, 0.007288250221948555]"
6,"[0.5219043579074428, 0.004317189365983945, 0.45529418504604396, 0.01631472744587142, 0.0021695402346574976]"
7,"[0.5012867472234344, 0.002277352708434475, 0.4956142338797099, 0.0006774591967334762, 0.0001442069916890547]"
