Timestep,Probs
1,"[0.17741935483870955, 0.2177419354838708, 0.2338709677419353, 0.17741935483870955, 0.19354838709677405]"
2,"[0.3864456480833764, 0.08344377683092098, 0.4247135516539787, 0.03638761776671533, 0.06900940566500817]"
3,"[0.4310312451926335, 0.02808493243032905, 0.5049974756904213, 0.009371656898391829, 0.02651468978822518]"
4,"[0.4899203062958073, 0.022503489639757433, 0.45147678123847235, 0.009142118644220418, 0.02695730418174039]"
5,"[0.45672316665792695, 0.026996903112469745, 0.4759353641619848, 0.016029411223068852, 0.024315154844551504]"
6,"[0.4887570690770962, 0.02340470628942817, 0.4638286850421983, 0.007801694277382167, 0.01620784531389347]"
7,"[0.5088941285355674, 0.03745913102294019, 0.4522438668544893, 0.0006904890550689617, 0.000712384531933995]"
