Timestep,Probs
1,"[0.20100502512562798, 0.1909547738693466, 0.20603015075376868, 0.1959798994974873, 0.20603015075376868]"
2,"[0.17908105053787685, 0.20047550308596768, 0.21394604781744947, 0.19255147002325732, 0.21394592853544825]"
3,"[0.03783356407164101, 0.05989479509231947, 0.04858936804428198, 0.39709308226468387, 0.45658919052707303]"
4,"[0.0023529321456947877, 0.0047078287850704, 0.003529391108553456, 0.09294298701396413, 0.8964668609467172]"
5,"[0.0002444885002470902, 0.0009660277322292635, 0.000509847969350516, 0.011218900748854984, 0.9870607350493189]"
6,"[9.193021458159803e-7, 0.0013080203308131542, 0.0006540214090825962, 0.0032709516481205982, 0.9947660873098406]"
7,"[2.610246720791696e-12, 0.00010114170028513537, 0.00010112630818521286, 0.0003036563018844334, 0.9994940756870307]"
