Timestep,Probs
1,"[0.24409448818897606, 0.18897637795275568, 0.19291338582677142, 0.19685039370078716, 0.17716535433070846]"
2,"[0.23294313157352814, 0.21800535622532968, 0.05934639159003436, 0.2793699336255974, 0.21033518698551001]"
3,"[0.15618011472589505, 0.249089880239465, 0.04695761841759526, 0.3088043299628802, 0.23896805665416446]"
4,"[0.04941441805841802, 0.17880017668281512, 0.005741738535700351, 0.4206046982866107, 0.3454389684364562]"
5,"[0.006513267298043362, 0.020691681851529444, 0.0027133223044673123, 0.9296851652736429, 0.04039656327231602]"
6,"[0.0011658684540062944, 0.0019700402392197327, 0.0001206114047967853, 0.990833079607839, 0.005910400294136863]"
7,"[0.000735019759517422, 0.0004900066780003198, 0.0002584839380062095, 0.9982650919803352, 0.0002513976441359922]"
