Timestep,Probs
1,"[0.2202380952380954, 0.24404761904761924, 0.20833333333333348, 0.17261904761904773, 0.15476190476190485]"
2,"[0.21698127751194143, 0.2641506635389461, 0.22641476391947563, 0.17924536474314828, 0.11320793028648901]"
3,"[0.06998387468558998, 0.19766189915478535, 0.10476030095817032, 0.3023222644106176, 0.3252716607908356]"
4,"[0.027118454708108836, 0.18305100778840636, 0.033899209117941254, 0.14576441176812618, 0.610166916617418]"
5,"[0.01475619613774532, 0.08247605882318192, 0.008852483938208764, 0.04744302150192992, 0.8464722395989347]"
6,"[2.923153896685375e-13, 0.009383956375785138, 2.611943706766895e-11, 1.1453941143021435e-6, 0.9906148982036878]"
7,"[1.8799910102521577e-23, 0.002101720755126849, 1.2308011765220676e-19, 4.766915855557738e-12, 0.997898279240106]"
