Timestep,Probs
1,"[0.22413793103448257, 0.18390804597701135, 0.22988505747126417, 0.20689655172413776, 0.15517241379310334]"
2,"[0.24285729526825675, 0.1828570718571168, 0.2628572415062177, 0.1514284080943769, 0.15999998327403236]"
3,"[0.11907576529504699, 0.11908120442473887, 0.1311147105486261, 0.2974880586793627, 0.3332402610522257]"
4,"[0.04792359894096794, 0.13738201172626427, 0.057508151127485134, 0.15655062006005685, 0.6006356181452251]"
5,"[0.013145279106333225, 0.05245978061641741, 0.015353745983804038, 0.04600566886853318, 0.8730355254249127]"
6,"[4.5246231001194285e-6, 0.011069742790907717, 1.1248049062893833e-6, 3.379214247152764e-6, 0.9889212285668371]"
7,"[4.342659312626053e-11, 0.003188036098575171, 2.9302454747173315e-10, 7.334408977749276e-12, 0.9968119635576385]"
