Scenario,Corrolation
1_1,0.45801898586758777
1_2,0.9607325120168457
1_3,0.9663744255012551
1_4,0.9920492342442967
2_1,0.873523921210333
2_2,0.873373152281178
2_3,0.8503374024037617
2_4,0.10357263390317359
3_1,0.5857895991658317
3_2,0.9775262135794829
3_3,0.9168799969753726
3_4,0.8057880528080109
4_1,-0.17584173013596172
4_2,-0.14933483686696145
4_3,0.22152619420087694
4_4,0.8796389657387239
