Timestep,Probs
1,"[0.17692307692307713, 0.2192307692307696, 0.22307692307692345, 0.16538461538461555, 0.21538461538461573]"
2,"[0.1620886376878918, 0.23823758993949712, 0.21920034620479004, 0.1463150768348888, 0.2341583493329312]"
3,"[0.051013747182265846, 0.03503058387585451, 0.032651920957723124, 0.3580236518101817, 0.5232800961739753]"
4,"[0.005497036152443363, 0.013285738591527013, 0.010077973167872071, 0.0361893654848828, 0.9349498866032767]"
5,"[0.0002722079507652453, 0.0009486181186350967, 0.0007115535230067628, 0.0027142416313272414, 0.9953533787762646]"
6,"[1.6634184289491244e-5, 6.178374377726993e-5, 9.030606137706456e-5, 0.00020914717066767373, 0.9996221288398902]"
7,"[0.0007750750276719868, 0.0010334330052080834, 0.000516726246199856, 0.0007752507657408895, 0.9968995149551761]"
