Timestep,Probs
1,"[0.17283950617283955, 0.25514403292181087, 0.22222222222222238, 0.17695473251028812, 0.17283950617283955]"
2,"[0.4068404135171729, 0.06987363395532, 0.426706884370745, 0.060961367550635866, 0.03561770060612649]"
3,"[0.4477024214678444, 0.037127602357222796, 0.4937313386316453, 0.011160989679920118, 0.010277647863366865]"
4,"[0.5174051680167787, 0.007862247869532888, 0.4629419884081122, 0.0002694306444566066, 0.011521165061117784]"
5,"[0.3436889235453504, 0.005286737227352392, 0.642007103714847, 0.003934021005158222, 0.005083214507292546]"
6,"[0.33463708405336806, 0.011768585448948541, 0.6314701963842525, 0.0005608735869280702, 0.02156326052650249]"
7,"[0.3053188860961292, 0.0008520366183147699, 0.6921465755070274, 4.259497930723113e-5, 0.0016399067992204194]"
