Timestep,Probs
1,"[0.16431924882629131, 0.19014084507042284, 0.22769953051643232, 0.2018779342723008, 0.21596244131455436]"
2,"[0.17844310784809278, 0.17077852990332143, 0.07520987850264803, 0.31185609856101465, 0.263712385184922]"
3,"[0.14606333202205263, 0.21622708349225844, 0.05698906210146586, 0.2934080662727924, 0.2873124561114306]"
4,"[0.06793883442107738, 0.20296503599451232, 0.006037698741915739, 0.39047306644779867, 0.3325853643946957]"
5,"[0.016106384697587735, 0.025227038365018453, 0.015541575171067013, 0.8722691784269523, 0.07085582333937497]"
6,"[0.0015857698334925104, 0.00311401333131751, 0.0011836344279347348, 0.9789779346091249, 0.015138647798128908]"
7,"[0.00027917301166259826, 0.0002791680212757163, 4.047759187665708e-7, 0.988553296059224, 0.010887958131922502]"
