Timestep,Probs
1,"[0.1767068273092368, 0.24497991967871463, 0.220883534136546, 0.1686746987951806, 0.18875502008032113]"
2,"[0.2744852202562485, 0.31604934989429234, 0.28436214716669495, 0.0720165318895434, 0.053086750793220804]"
3,"[0.30497646561715996, 0.36876851953115036, 0.2959442558787308, 0.025005044954709975, 0.005305714018249232]"
4,"[0.5141310309374063, 0.03433659133653976, 0.42634372865815445, 0.02472501654186565, 0.00046363252603403513]"
5,"[0.5281707255000095, 0.0007929562915551804, 0.4355200823265473, 0.034744149600454854, 0.0007720862814312942]"
6,"[0.09904781322581091, 9.307987838940386e-5, 0.8960499775047801, 0.0035990909721864087, 0.0012100384188326709]"
7,"[0.006668821538774689, 4.131116288020936e-6, 0.993049732649759, 0.00019779420283953913, 7.952049233901385e-5]"
