Timestep,Probs
1,"[0.2, 0.2, 0.2, 0.2, 0.2]"
2,"[0.33333330832569114, 0.33333330832582625, 0.33333330832598324, 3.751124930482042e-8, 3.7511249852160846e-8]"
3,"[0.33333333333318826, 0.33333333333332343, 0.3333333333334799, 4.221282106590801e-15, 4.215687631793479e-15]"
4,"[0.4999999718659727, 5.626728025639386e-8, 0.499999971866747, 7.125563410192333e-22, 3.558076758550862e-22]"
5,"[0.49999999999961126, 3.1660079105187063e-15, 0.5000000000003856, 8.01869349393295e-29, 4.001390790948583e-29]"
6,"[0.33329611408889115, 4.738084117486086e-22, 0.666703885911109, 1.2032379062174184e-35, 2.6659611073013707e-29]"
7,"[5.5891517622283114e-5, 3.9985553287179305e-29, 0.9999441084823778, 6.769546648944405e-43, 2.249844985845624e-36]"
