Timestep,Probs
1,"[0.2, 0.2, 0.2, 0.2, 0.2]"
2,"[0.333333308325661, 0.3333333083258413, 0.3333333083259985, 3.7511249304822634e-8, 3.751124981620921e-8]"
3,"[0.3333333333331581, 0.33333333333333864, 0.33333333333349474, 4.221282106591112e-15, 4.215679181013539e-15]"
4,"[0.49999997184097844, 5.626728025362166e-8, 0.4999999718917413, 7.125563409837311e-22, 3.558069627290582e-22]"
5,"[0.4999999999746171, 3.1660079032451406e-15, 0.5000000000253798, 8.018693493533316e-29, 4.0013849645614014e-29]"
6,"[0.33329611406667525, 4.744410328050204e-22, 0.6667038859333246, 1.2032379046209008e-35, 2.6659545518181537e-29]"
7,"[5.589151761669557e-5, 4.0038833961623865e-29, 0.9999441084823832, 6.769546639782717e-43, 2.24984644368161e-36]"
