Timestep,Probs
1,"[0.1951219512195123, 0.15365853658536593, 0.20243902439024403, 0.2365853658536587, 0.21219512195121965]"
2,"[0.3330718421306566, 0.24941143391235288, 0.28941162807807513, 0.09124189111407299, 0.03686320476484167]"
3,"[0.33099914911365036, 0.3128675918153859, 0.32263568862327846, 0.030669435302928254, 0.0028281351447565104]"
4,"[0.46166137758216674, 0.02569498746354628, 0.46623860762464026, 0.045806967017386166, 0.0005980603122590766]"
5,"[0.4516996232913038, 0.0014093409048311781, 0.49928250407179653, 0.04756902324511791, 3.9508486950365686e-5]"
6,"[0.04453971550146365, 0.00013551461700931342, 0.9503717056367974, 0.004950019006250082, 3.0452384820667764e-6]"
7,"[2.00330212137892e-6, 0.00013793805480006598, 0.998617817118145, 0.0009663648681291859, 0.00027587665679723437]"
