Timestep,Probs
1,"[0.22190201729106604, 0.20461095100864532, 0.17291066282420733, 0.20461095100864532, 0.19596541786743496]"
2,"[0.2971308024698477, 0.2937157095590184, 0.2616117263416825, 0.09836109325559844, 0.04918066837385293]"
3,"[0.35982169075296094, 0.27959396863255864, 0.326752779060647, 0.027049853998270548, 0.006781707555562534]"
4,"[0.4737025433298147, 0.04002882521704815, 0.4690461520521826, 0.01675715912703288, 0.0004653202739200332]"
5,"[0.4757442957903061, 0.004748340399615225, 0.5006570200363252, 0.018773092223422258, 7.725155033351664e-5]"
6,"[0.11691707015511428, 0.0008746523049958364, 0.8766981811265959, 0.005313307255678569, 0.0001967891576156082]"
7,"[0.0019942400044230184, 0.0067653173520121805, 0.9912403669683606, 8.424476060562933e-10, 7.4832753346448e-8]"
