Timestep,Probs
1,"[0.1822541966426861, 0.19424460431654708, 0.25899280575539624, 0.19424460431654708, 0.17026378896882513]"
2,"[0.2553560358143839, 0.2637957623783729, 0.37069886615351627, 0.05388443270557818, 0.05626490294814963]"
3,"[0.27038960284353014, 0.2937735639442043, 0.3918057814616009, 0.004281930876389618, 0.03974912087427439]"
4,"[0.41932732566428393, 0.02158039217905856, 0.5244150730185478, 0.001383926905013143, 0.03329328223309775]"
5,"[0.41824216062411385, 0.0006588801506374217, 0.5451994847956936, 0.0028823790202544977, 0.033017095409301825]"
6,"[0.03833269279904848, 5.488889935028497e-5, 0.9065313774274554, 2.744551262007168e-5, 0.05505359536152759]"
7,"[0.002217204148372346, 3.7882768534661574e-6, 0.9939774717520977, 1.8941386446226349e-6, 0.003799641684034598]"
