Timestep,Probs
1,"[0.1691394658753709, 0.264094955489614, 0.19287833827893167, 0.18694362017804148, 0.18694362017804148]"
2,"[0.14965755968938585, 0.30759783035916494, 0.08411988939800055, 0.26784262463216857, 0.19078209592128026]"
3,"[0.12565339132239667, 0.27091730261062635, 0.08708228718346059, 0.3045389777763416, 0.2118080411071743]"
4,"[0.02014696856325243, 0.26924623340378606, 0.012713975772491464, 0.3909512705366708, 0.30694155172380144]"
5,"[0.00535966783741279, 0.08206336862449362, 0.004706345718076622, 0.8036056267457373, 0.1042649910742788]"
6,"[0.0018336066572962526, 0.01692698995557841, 1.4275370047845823e-8, 0.9659578826133451, 0.015281506498402183]"
7,"[0.0002980852852748683, 0.003949357037509297, 1.723856424915512e-11, 0.9936458123924562, 0.0021067452675252803]"
