Timestep,Probs
1,"[0.20454545454545445, 0.20833333333333323, 0.17803030303030296, 0.20454545454545445, 0.20454545454545445]"
2,"[0.17642736359135663, 0.2284038847058313, 0.06771589818837091, 0.2606152720625426, 0.26683758145189784]"
3,"[0.1351468136164149, 0.22884409799840486, 0.0647423660174564, 0.2861237911038394, 0.28514293126388485]"
4,"[0.04060671778708981, 0.24530629900471415, 0.034642698946343316, 0.30767831238926835, 0.37176597187258403]"
5,"[0.008918446994980655, 0.03845454557052508, 0.033493970162580905, 0.8648797346475725, 0.054253302624339875]"
6,"[0.0013616375352711648, 0.0036942278809167935, 0.002187390335028502, 0.982549936702528, 0.010206807546255817]"
7,"[0.00022470228602192123, 0.00044938851611182103, 8.033326217317964e-8, 0.9991011355043701, 0.00022469336023996574]"
