Timestep,Probs
1,"[0.2033333333333331, 0.18333333333333313, 0.2033333333333331, 0.2033333333333331, 0.20666666666666642]"
2,"[0.48148128380661365, 0.009259405525756033, 0.4629627476500764, 0.018518623271141968, 0.027777939746413214]"
3,"[0.4952359386154376, 0.009523768050602833, 0.4666660860371871, 2.903145531934164e-6, 0.028571304151239405]"
4,"[0.5148514846748211, 2.3000567436355318e-10, 0.46534653468536546, 8.656092807902152e-16, 0.01980198040980647]"
5,"[0.44444444444405545, 2.7236201242950266e-13, 0.401709401709625, 9.66567456168828e-23, 0.15384615384604972]"
6,"[0.999990746963899, 6.209980065496371e-6, 7.820547123907787e-8, 1.0075623269004417e-8, 2.9547749402405165e-6]"
7,"[0.9994077282628924, 1.600721676357299e-5, 0.0005474468107706887, 4.716854991483442e-9, 2.881299271793183e-5]"
