Timestep,Probs
1,"[0.18333333333333313, 0.2299999999999997, 0.18999999999999978, 0.22333333333333305, 0.17333333333333314]"
2,"[0.2865853851871137, 0.36585349505556936, 0.3170728441669855, 0.01829284642511956, 0.01219542916521177]"
3,"[0.2941136040380922, 0.3594791554608447, 0.3333173956145691, 0.006545420497069249, 0.006544424389425408]"
4,"[0.48387043493357834, 1.1128243544389642e-6, 0.4946230811406664, 0.010752675435732259, 0.010752695665666197]"
5,"[0.48888147516534014, 1.7526606190914232e-10, 0.48889671640309595, 0.01111090412797156, 0.011110904128325624]"
6,"[0.04256492300538998, 4.650819971163123e-15, 0.9361587423566742, 4.942614361653769e-10, 0.021276334143670406]"
7,"[0.021900960968684057, 3.391209469353372e-10, 0.9780690007947174, 7.682554785510188e-10, 3.0037129219219652e-5]"
