Timestep,Probs
1,"[0.21999999999999972, 0.20666666666666642, 0.2166666666666664, 0.17333333333333314, 0.18333333333333313]"
2,"[0.35151533796874984, 0.2969695512994634, 0.34545412325251673, 0.006060764606832966, 2.2287243681147406e-7]"
3,"[0.36600407417642467, 0.29411436568836274, 0.33988056400266026, 9.961302573470036e-7, 2.2944676017279224e-12]"
4,"[0.5283014794938401, 7.830504879694352e-7, 0.4716977374556383, 3.3402865353061706e-14, 4.123849065832603e-16]"
5,"[0.5283018867410252, 1.1904830689011942e-10, 0.47169811313992505, 9.580360827834357e-24, 9.579893337003819e-24]"
6,"[0.05661734164885993, 1.6499765111789302e-15, 0.9433826583511383, 7.035058469066345e-35, 3.605185703167969e-29]"
7,"[1.2002836874489501e-5, 1.1912242178987606e-9, 0.9999879959549236, 6.776204457793975e-12, 1.020535112512091e-11]"
