Timestep,Probs
1,"[0.21973094170403615, 0.18385650224215264, 0.19730941704035895, 0.21973094170403615, 0.1793721973094172]"
2,"[0.19377496382019704, 0.2058234255469651, 0.07931795010676983, 0.2720881379513077, 0.24899552257476026]"
3,"[0.11128242999028878, 0.24933729497418106, 0.03047614245929576, 0.37288253611044253, 0.23602159646579185]"
4,"[0.011221217080652624, 0.2462047669947717, 0.001980295714712795, 0.4356434528661504, 0.3049502673437118]"
5,"[0.002939029790757798, 0.06190001941573274, 0.0004912832845859116, 0.8549266842279967, 0.07974298328092609]"
6,"[0.0018808500980346345, 0.0043929230956179215, 0.001253892218261786, 0.9874567478721189, 0.005015586715967047]"
7,"[0.0011106683175064586, 0.00032673233350536074, 0.0002019396940915299, 0.9979564724763861, 0.0004041871785113489]"
