Timestep,Probs
1,"[0.17777777777777778, 0.22666666666666668, 0.19111111111111112, 0.19555555555555557, 0.2088888888888889]"
2,"[0.12268741589721374, 0.3096394126794199, 0.07010758446103514, 0.23758547601477176, 0.25998011094755913]"
3,"[0.06522700132112495, 0.31786328655093327, 0.06325398796582155, 0.259371030567938, 0.2942846935941811]"
4,"[0.006925244305295565, 0.2818542348838683, 0.006232731129943356, 0.33656180081776516, 0.36842598886312655]"
5,"[0.002055089375510329, 0.13302276490936815, 0.001030515712030773, 0.7688252361758758, 0.09506639382721563]"
6,"[0.0020352373467035214, 0.008819421171893414, 5.689353701697668e-9, 0.9891443002224469, 1.0355696031609787e-6]"
7,"[0.00011570779454699455, 0.0011544162230057598, 5.3486652813657615e-15, 0.998729875982145, 2.9467610796710935e-13]"
