Timestep,Probs
1,"[0.19157088122605376, 0.22222222222222238, 0.1839080459770116, 0.203065134099617, 0.1992337164750959]"
2,"[0.11267037938476868, 0.2574178261585901, 0.044907852578138695, 0.27826770059867634, 0.3067362412798262]"
3,"[0.06618099752295484, 0.2794414401942058, 0.010700061046643323, 0.3224418735031145, 0.32123562773308106]"
4,"[0.0048780349184939596, 0.2541706880073271, 0.0007015876642737248, 0.3479751793159636, 0.3922745100939432]"
5,"[0.004107008569934226, 0.08491799015855078, 0.0006900423691137673, 0.8579515626817347, 0.0523333962206656]"
6,"[0.00031623806495241307, 0.007220772413592557, 3.5803804288675126e-8, 0.9894051942814824, 0.003057759436167213]"
7,"[0.0007544406409830657, 0.0002514818415629717, 1.1989054562377051e-8, 0.9987418494396749, 0.0002522160887298656]"
