Timestep,Probs
1,"[0.19157088122605376, 0.1992337164750959, 0.1839080459770116, 0.21455938697318022, 0.21072796934865914]"
2,"[0.12706977738178352, 0.2391219844430962, 0.05005782264013188, 0.28840992231204626, 0.29534049322294165]"
3,"[0.08424212578792196, 0.23503465302242846, 0.018927268460413687, 0.34179900050992834, 0.31999695221930713]"
4,"[0.006804470703993802, 0.22599623152035075, 0.0015366649563019002, 0.35485125787659294, 0.41081137494276276]"
5,"[2.018333241762775e-6, 0.03355890604131017, 2.0152957934035387e-6, 0.8971511594445262, 0.06928590088512766]"
6,"[7.422131180237907e-15, 0.0038152693216108357, 6.011813133143434e-13, 0.9863591116593209, 0.009825619018460964]"
7,"[2.5570081353634215e-12, 6.794496079956198e-6, 9.313906730868192e-10, 0.9980036391362205, 0.001989565433748349]"
