Timestep,Probs
1,"[0.23456790123456808, 0.16872427983539098, 0.17283950617283955, 0.22633744855967095, 0.19753086419753096]"
2,"[0.43089677619741606, 0.09688445888242608, 0.34145343634715675, 0.06639973003678445, 0.06436559853621718]"
3,"[0.5377011191872513, 0.041497245383326734, 0.3791832613485094, 0.03473014944756761, 0.006888224633344663]"
4,"[0.566225208659558, 0.019631013742882626, 0.3595080621085791, 0.04493846871866044, 0.009697246770320333]"
5,"[0.550373474582134, 0.023606408419019034, 0.37323518142951345, 0.046442202547598635, 0.0063427330217332685]"
6,"[0.5507740098807249, 0.011001136411673443, 0.39553960298762103, 0.041399323740269736, 0.0012859269797090714]"
7,"[0.6074467595340902, 0.002502450034612514, 0.38692303065432043, 0.0030637942097610743, 6.396556721541506e-5]"
