Timestep,Probs
1,"[0.22663551401869164, 0.18925233644859818, 0.19392523364485986, 0.21028037383177575, 0.17990654205607481]"
2,"[0.23646624039229508, 0.23505730708939584, 0.025558501844807274, 0.28033792168411903, 0.2225800289893824]"
3,"[0.26772545799219954, 0.2075221723397867, 0.023098098903742162, 0.27264529859877346, 0.22900897216549765]"
4,"[0.023541782527045953, 0.26463330093165616, 0.0024236516446751438, 0.3593125556799404, 0.35008870921668156]"
5,"[0.001935741440919309, 0.03846239436735088, 0.0022962674552051456, 0.9070997070470056, 0.050205889689517995]"
6,"[0.00013724851550802618, 0.0021416520583568406, 0.0001098801914508974, 0.9931639503220144, 0.004447268912671619]"
7,"[0.00065650224937919, 0.002486533671243917, 0.000438569180168272, 0.9962532508461179, 0.000165144053086764]"
