Timestep,Probs
1,"[0.1865079365079363, 0.17460317460317443, 0.23412698412698374, 0.21825396825396792, 0.1865079365079363]"
2,"[0.1855452786715041, 0.18554477080989032, 0.19313749285229853, 0.22137858617166076, 0.21439387149464603]"
3,"[0.039268355473920095, 0.021853596159154807, 0.02384606825383045, 0.4647647673896397, 0.4502672127234558]"
4,"[0.015249184929627346, 0.0035192385622484354, 0.003519233065548476, 0.052788260211765546, 0.9249240832308118]"
5,"[0.0010008497769406245, 0.0009594292528837804, 0.0002502823804315381, 0.0037934014093627027, 0.9939960371803805]"
6,"[0.00047080719929401505, 0.0002354297913756669, 0.0009416151373086293, 0.0009422958969176224, 0.9974098519751061]"
7,"[7.785456318088044e-6, 1.5711668214453987e-5, 5.491540528289979e-5, 0.0003377254336451312, 0.9995838620365413]"
