Timestep,Probs
1,"[0.1976744186046514, 0.21317829457364368, 0.18992248062015527, 0.2364341085271321, 0.16279069767441878]"
2,"[0.1698696426973836, 0.22659651307149595, 0.07904562603008586, 0.3121511286063088, 0.21233708959472614]"
3,"[0.06868134451217274, 0.25427306610892786, 0.07301695651652601, 0.34366959536259784, 0.2603590374997756]"
4,"[0.01743283797286812, 0.2579984016395717, 0.031021107803361793, 0.39937873828755016, 0.2941689142966481]"
5,"[0.002698163682604186, 0.08469614802938559, 0.005163856334752812, 0.82284838635051, 0.08459344560274885]"
6,"[0.0005296597121190529, 0.003707627561341611, 0.001059312070275229, 0.986492755449819, 0.008210645206441975]"
7,"[3.334645928937519e-5, 0.00017488244181771163, 5.006797293253702e-5, 0.993230886999844, 0.006510816126113708]"
