Timestep,Probs
1,"[0.20077220077220073, 0.18918918918918917, 0.19691119691119688, 0.19691119691119688, 0.21621621621621614]"
2,"[0.1675713613687305, 0.22403176746817768, 0.06804212627562523, 0.26311989298825716, 0.2772348518992095]"
3,"[0.07051359848126852, 0.25018583651736426, 0.052594200002142384, 0.3489269368619327, 0.2777794281372915]"
4,"[0.005121241756348537, 0.24023079413007337, 0.033590157690823776, 0.38170555856432886, 0.3393522478584267]"
5,"[0.0011756838534590945, 0.06407769988038509, 0.005873322533955979, 0.8828982884404372, 0.04597500529176347]"
6,"[8.920531138278976e-5, 0.0044606974052858505, 0.0003123512987850849, 0.986529154660865, 0.008608591323681416]"
7,"[0.0005037267502261706, 0.0012600522630895345, 0.0005037377570485995, 0.9954503940591787, 0.0022820891704568008]"
