Timestep,Probs
1,"[0.20849420849420844, 0.2355212355212354, 0.18918918918918917, 0.18146718146718147, 0.18532818532818532]"
2,"[0.20774651885306808, 0.2684857794185068, 0.16960113474626182, 0.19102100351610354, 0.16314556346606052]"
3,"[0.05455747359968425, 0.042441329340058544, 0.028237483052279237, 0.4694754137290613, 0.4052883002789164]"
4,"[0.005783398726457233, 0.012094003702125763, 0.003680657478401465, 0.058886374443643336, 0.9195555656493721]"
5,"[0.0002711864032981836, 0.0008898956856982457, 0.001627155762785101, 0.003881411818334191, 0.993330350329883]"
6,"[0.00045987350326958266, 0.00045987259111716206, 0.00023060216747100725, 0.0002299363062087123, 0.998619715431929]"
7,"[2.9412250217136733e-5, 2.941225021711095e-5, 1.4706126631136327e-5, 1.470612510855834e-5, 0.999911763247828]"
