Timestep,Probs
1,"[0.1833333333333335, 0.20416666666666689, 0.17500000000000013, 0.2208333333333336, 0.21666666666666692]"
2,"[0.1624306521585134, 0.2059596769353346, 0.17411621747925496, 0.23458959351075861, 0.22290385991613812]"
3,"[0.04927537471313849, 0.022258031265641152, 0.01989664295094188, 0.45426868071321136, 0.45430127035706747]"
4,"[0.0049408637198304324, 0.013339893910508547, 0.003952720006505631, 0.0469375939449531, 0.9308289284182041]"
5,"[0.00021647771888508782, 0.0009647336879849672, 0.00025021961431670936, 0.003240761978960326, 0.9953278069998519]"
6,"[7.138249748709244e-6, 1.6647026015663438e-5, 1.4261680444206796e-5, 0.0011599926831372734, 0.9988019603606528]"
7,"[0.00025846624399894415, 0.001298612276340947, 0.0010417254922956123, 0.0007751419096575885, 0.9966260540777113]"
