Timestep,Probs
1,"[0.2584269662921353, 0.17415730337078678, 0.19662921348314638, 0.18820224719101153, 0.18258426966292163]"
2,"[0.39680450156912556, 0.2472841130585583, 0.29904126357050803, 0.03258813587138302, 0.024281985930425333]"
3,"[0.4192690848756514, 0.24539983999290146, 0.32723256661229294, 0.003926108272064068, 0.004172400247089598]"
4,"[0.5326286858662744, 0.03648601431028302, 0.4304799588666142, 9.416302300811997e-12, 0.0004053409474110175]"
5,"[0.5551486951463783, 0.003848810511911576, 0.4410024064911915, 3.1105287640020703e-19, 8.785051970279458e-8]"
6,"[0.10615148632613353, 0.0006806981026383642, 0.8931678155712277, 3.6127670191025054e-33, 5.422569481452024e-16]"
7,"[1.9969985598771865e-6, 1.5141190098092642e-6, 0.9999964888823124, 1.3918966510398968e-16, 1.1274362873423285e-13]"
