Timestep,Probs
1,"[0.1767441860465118, 0.19534883720930254, 0.14883720930232566, 0.22790697674418636, 0.2511627906976748]"
2,"[0.40170259683385856, 0.05641358596113095, 0.35725932860848586, 0.05812756322913991, 0.12649692536738516]"
3,"[0.46360755951677224, 0.04143556801778192, 0.415201683591186, 0.03353416513750952, 0.04622102373675033]"
4,"[0.5018346568219533, 0.015318475564830295, 0.4497512807129827, 0.022058625196968863, 0.011036961703263239]"
5,"[0.4567272823309069, 0.07855661625781142, 0.4292233934243452, 0.022759447503260456, 0.012733260483674617]"
6,"[0.40991603511436797, 0.09984549896949746, 0.4437949511295196, 0.02985263495934433, 0.01659087982726974]"
7,"[0.44990810749981686, 0.01788784484724893, 0.5270526202025674, 0.0014753533097895193, 0.0036760741405787774]"
