Timestep,Probs
1,"[0.2122641509433962, 0.17452830188679244, 0.2452830188679245, 0.17452830188679244, 0.19339622641509432]"
2,"[0.37403758587455954, 0.06261394475014326, 0.433574711405463, 0.07023012299290886, 0.05954363497692537]"
3,"[0.39730264315337505, 0.014321100131225895, 0.5305838902694335, 0.042333873095096154, 0.015458493350869318]"
4,"[0.4369418858022014, 9.567080992437442e-8, 0.542410563673401, 0.020089334085755157, 0.000558120767831331]"
5,"[0.45398656274907545, 2.2519100748608935e-13, 0.524319248741775, 0.020919737531083303, 0.0007744509778427571]"
6,"[0.4355244323404964, 6.936825133256658e-21, 0.5356658841151019, 0.027781219741960083, 0.0010284638024412613]"
7,"[0.46074742147166237, 2.442985956610081e-28, 0.5348310176278427, 0.004263717606954818, 0.0001578432935385686]"
