Timestep,Probs
1,"[0.19262295081967223, 0.2254098360655739, 0.20491803278688536, 0.20081967213114765, 0.1762295081967214]"
2,"[0.2933900085924681, 0.3262256730166552, 0.263539450205718, 0.07121565762066744, 0.045629210564491166]"
3,"[0.34504282899967437, 0.3107760234815117, 0.31266938476335326, 0.01583035413538717, 0.015681408620074107]"
4,"[0.5424030148261746, 0.023624240184231593, 0.4121192280816271, 0.02051198182134698, 0.001341535086620806]"
5,"[0.5569464624507799, 0.0012522027847279489, 0.42122267779544076, 0.01946505284696658, 0.0011136041220861268]"
6,"[0.12031016284569508, 0.001344988948063689, 0.876343129835063, 0.0006891106416865248, 0.0013126077294936624]"
7,"[0.009639610960753896, 0.0008910047687450086, 0.9894157568204229, 4.652841277712858e-5, 7.099037302483049e-6]"
