Timestep,Probs
1,"[0.20816326530612222, 0.1999999999999998, 0.18775510204081614, 0.17142857142857126, 0.23265306122448953]"
2,"[0.21653877096398103, 0.21113951389867747, 0.17476541774329596, 0.15856789940985, 0.23898839798419613]"
3,"[0.11430715680939652, 0.03764556590015718, 0.05078771826381751, 0.34402864791306165, 0.45323091111356806]"
4,"[0.015979492579234065, 0.0056704159325314755, 0.005670084241172311, 0.04793924961202015, 0.9247407576350415]"
5,"[0.0010459479415456429, 0.0002705761526062007, 0.00034778776184162674, 0.004600515277030657, 0.9937351728669741]"
6,"[6.587924489473809e-7, 0.00044943441894509386, 0.0, 0.000450085054886454, 0.9990998217337136]"
7,"[1.3750877453803974e-11, 1.4957225139308646e-5, 0.0, 1.4619510032989252e-5, 0.9999704232510769]"
