Timestep,Probs
1,"[0.19036697247706386, 0.20871559633027476, 0.20183486238532067, 0.20183486238532067, 0.19724770642201794]"
2,"[0.1759606036767818, 0.2157296307475329, 0.08864711182344391, 0.2557217505415387, 0.26394090321070346]"
3,"[0.1143197469954002, 0.23711059946246757, 0.03516680886580886, 0.3250253812917713, 0.2883774633845536]"
4,"[0.006802699327791985, 0.19113377006646345, 0.0015548365354359826, 0.4277080048827086, 0.3728006891876007]"
5,"[0.008121257549735406, 0.048493253902879896, 0.001815028158859331, 0.9028800265770419, 0.03869043381148145]"
6,"[0.0005421504456163735, 0.002842152363647039, 0.0001301155288249984, 0.9942513524054181, 0.0022342292564958973]"
7,"[3.2301413916354386e-5, 0.0002632812087568366, 6.873640797093312e-6, 0.9995786049636646, 0.00011893877286390314]"
