Timestep,Probs
1,"[0.20707070707070718, 0.19191919191919202, 0.16666666666666674, 0.25252525252525265, 0.1818181818181819]"
2,"[0.23475089975720148, 0.2171899014276059, 0.14602578731187663, 0.2347504841203794, 0.167282927382936]"
3,"[0.05297954818097924, 0.05246774808084848, 0.036567931242959754, 0.5440482909523184, 0.3139364815428941]"
4,"[0.01300570356053573, 0.06792055097755978, 0.007225395163916362, 0.1589622829375043, 0.7528860673604858]"
5,"[0.004126843621068492, 0.010912414630010631, 0.0009547777336997436, 0.02269901616972882, 0.9613069478454914]"
6,"[0.0012056071692565153, 8.264658224150935e-7, 6.2194998850049985e-12, 0.0042349275919156895, 0.9945586387667883]"
7,"[0.00010449274213904693, 2.1816909919461138e-11, 1.907339890356439e-23, 0.0004177010135452437, 0.9994778062224997]"
