Timestep,Probs
1,"[0.2374429223744292, 0.1917808219178082, 0.1917808219178082, 0.1735159817351598, 0.2054794520547945]"
2,"[0.2293127164644275, 0.1956521805968333, 0.21458622657922574, 0.17040678067545745, 0.19004209568405594]"
3,"[0.057464725041046376, 0.04958811473990288, 0.04258839830375526, 0.4051368105302571, 0.4452219513850378]"
4,"[0.004434571673108804, 0.004436265920250067, 0.0011088119679734153, 0.09201854524657244, 0.898001805192096]"
5,"[0.0006673007441112377, 0.0008860878733994117, 0.00022152196839552842, 0.01119795075248678, 0.9870271386616067]"
6,"[7.95349624207107e-7, 4.124673029969143e-10, 1.4805651961066075e-12, 1.0791860218367433e-9, 0.9999992031572367]"
7,"[2.285609899280824e-12, 4.2485390894814187e-17, 9.004042831988471e-25, 5.24485240315823e-19, 0.9999999999977187]"
