Timestep,Probs
1,"[0.25321888412017185, 0.16738197424892715, 0.2231759656652362, 0.1630901287553649, 0.19313304721030056]"
2,"[0.23617627358434223, 0.2033737058106055, 0.054358849133356486, 0.2614800649212836, 0.2446111065504118]"
3,"[0.21564448052912497, 0.15845809101140698, 0.037488508629362816, 0.2746265569907683, 0.31378236283933825]"
4,"[0.022554425577982942, 0.14348532290398155, 0.003796031507872889, 0.39202244962238986, 0.438141770387774]"
5,"[0.001348866104556488, 0.033760524038134704, 0.0026995717252964097, 0.8608608237130362, 0.10133021441897656]"
6,"[0.0002471492934585425, 0.004696870867684593, 0.0004942985869950719, 0.9809663763322761, 0.01359530491958548]"
7,"[1.6010396321648587e-13, 0.0, 7.657737337772523e-7, 0.9999992342261088, 0.0]"
