Timestep,Probs
1,"[0.24390243902439002, 0.18699186991869904, 0.18292682926829254, 0.16666666666666655, 0.21951219512195103]"
2,"[0.35072354364364017, 0.30863637443557745, 0.26128851593114955, 0.030688322356255238, 0.04866324363337731]"
3,"[0.3830027272961102, 0.3224012656337111, 0.2892924602484612, 0.0013851098991288194, 0.003918436922588148]"
4,"[0.5634201365368046, 0.025627304681738333, 0.40951342394047097, 0.0011173165432452692, 0.00032181829773986935]"
5,"[0.5926538717230015, 0.0010374228751979288, 0.39940595443358584, 0.005880052798719225, 0.0010226981694968747]"
6,"[0.10454715448615429, 0.00010126812763752611, 0.8920438291326529, 0.0013501077555665836, 0.0019576404979898174]"
7,"[0.006578009614179015, 4.8872587076390766e-5, 0.9931450457257315, 9.309064204756033e-5, 0.00013498143096464917]"
