Timestep,Probs
1,"[0.14876033057851232, 0.22314049586776827, 0.22314049586776827, 0.23553719008264426, 0.16942148760330564]"
2,"[0.35485494707768506, 0.08988097271944055, 0.4687092309555286, 0.02796655241501433, 0.05858829683233136]"
3,"[0.41483797154184854, 0.04900338436626149, 0.5010446864902942, 0.010487039757465323, 0.024626917844129452]"
4,"[0.4634145648349153, 0.002660753075759435, 0.5150776948129359, 0.017294882514386885, 0.0015521047620031716]"
5,"[0.45799263558583614, 0.0023340334961856903, 0.5229913604037083, 0.015261139735177882, 0.0014208307790922218]"
6,"[0.4496673850230821, 0.001527128354080065, 0.5299423037954074, 0.017659223573304326, 0.001203959254126755]"
7,"[0.46129301930044025, 0.0008461836545106596, 0.5365631399704378, 0.001214832969605408, 8.282410500463885e-5]"
