Timestep,Probs
1,"[0.17803030303030296, 0.1893939393939393, 0.21212121212121202, 0.22727272727272715, 0.1931818181818181]"
2,"[0.17613416218318675, 0.2268669428207538, 0.04716010137417881, 0.30832424360417704, 0.24151455001770328]"
3,"[0.15720465195803043, 0.2309194746612393, 0.028642532075816164, 0.3067236647368342, 0.2765096765680793]"
4,"[0.026098524484049854, 0.24183551174468818, 0.0016715845794309904, 0.42767861470055296, 0.3027157644912774]"
5,"[0.05187111886637295, 0.025108927566767855, 0.0015586834339392603, 0.8884194386472839, 0.03304183148563591]"
6,"[0.014624730453094877, 0.00270288895565903, 6.930353710659391e-5, 0.9770237309021852, 0.005579346151953403]"
7,"[0.0008526947057529764, 0.00015053241737955747, 1.0064540114075702e-6, 0.9986815734640662, 0.0003141929587894872]"
