Timestep,Probs
1,"[0.22869955156950703, 0.16591928251121088, 0.2017937219730944, 0.2017937219730944, 0.2017937219730944]"
2,"[0.24269260513276725, 0.20017708964311753, 0.05934505696923919, 0.25597825356027, 0.24180699469460612]"
3,"[0.2473481667858126, 0.19364418981158188, 0.07164612641527998, 0.22700135613532182, 0.26036016085200414]"
4,"[0.03379148768989876, 0.284824974615439, 0.09270868363716332, 0.2604422454032995, 0.3282326086541998]"
5,"[0.001761547376566257, 0.09690394013157107, 0.030132883544976473, 0.7670957374800493, 0.10410589146683773]"
6,"[0.0004219210291252098, 0.01687977562055833, 0.004641794255584805, 0.958223133123365, 0.019833375971365245]"
7,"[8.90745427813121e-8, 0.0005843411087515721, 1.6760691276356338e-12, 0.999408355875078, 7.213939953343614e-6]"
