Timestep,Probs
1,"[0.18471337579617833, 0.22929936305732482, 0.17197452229299362, 0.2165605095541401, 0.19745222929936304]"
2,"[0.3930461438279979, 0.10983660805451213, 0.306361120429361, 0.08093015390834764, 0.10982597377978182]"
3,"[0.40950619517773135, 0.06189743612392143, 0.4664396226739515, 0.028760710649675125, 0.03339603537471991]"
4,"[0.36994342040689654, 0.03237039032135743, 0.5502872912598387, 0.03699433009241327, 0.010404567919494885]"
5,"[0.41630028680639247, 0.030268637746874306, 0.5075888546734418, 0.038284786964954035, 0.00755743380833741]"
6,"[0.4403448699353406, 0.023779737947744232, 0.48824302632307054, 0.04763196308532327, 4.027085225862712e-7]"
7,"[0.4731047561602142, 6.54758170820877e-6, 0.5161130179868959, 0.01077567626911454, 2.002067978747731e-9]"
