Timestep,Probs
1,"[0.1704545454545454, 0.20833333333333323, 0.19696969696969688, 0.23106060606060594, 0.1931818181818181]"
2,"[0.10312695225311518, 0.2681295162489055, 0.11144362446126506, 0.2930819921760403, 0.22421791486067358]"
3,"[0.06913994603249889, 0.30503633104651645, 0.09603031853581177, 0.30410453766803397, 0.22568886671713936]"
4,"[0.005106233247247702, 0.29870191024151255, 0.023428408129085455, 0.3641217175751086, 0.30864173080704665]"
5,"[0.0019987669218064124, 0.043374996173866205, 0.00393844260510604, 0.9111864691843155, 0.039501325114906206]"
6,"[0.00013251999292778328, 0.0023418440757821306, 0.00013255508782120524, 0.9912963484250304, 0.006096732418438902]"
7,"[0.0007086379158530908, 0.0014377972825386366, 0.00024244507630545142, 0.9966660993368603, 0.0009450203884426957]"
