Timestep,Probs
1,"[0.1970443349753693, 0.21674876847290622, 0.21674876847290622, 0.19211822660098507, 0.17733990147783238]"
2,"[0.3207123536891834, 0.292872780203603, 0.3329616069584269, 0.02449973560908105, 0.02895352353970566]"
3,"[0.3547353876826917, 0.3173266402149133, 0.31940109398285516, 0.004147432816414493, 0.004389445303125109]"
4,"[0.5387582116381705, 0.059868638016793076, 0.395485200516656, 0.003925305303591789, 0.0019626445247877813]"
5,"[0.5459693782440459, 0.006033375739303429, 0.4473528804609684, 0.00047021915911852426, 0.00017414639656445824]"
6,"[0.14026434983389094, 0.0015279036930001824, 0.8580548816425745, 0.00010186590012271377, 5.0998930411915476e-5]"
7,"[0.01639331184803614, 1.268388957074196e-10, 0.9829925306658905, 0.0006141573592316661, 0.0]"
