Timestep,Probs
1,"[0.18881118881118902, 0.24475524475524507, 0.19580419580419603, 0.21212121212121238, 0.15850815850815866]"
2,"[0.277763498580849, 0.34147570595198984, 0.27927460708359786, 0.0543947801552599, 0.04709140822830313]"
3,"[0.33507928086659133, 0.36646264866766565, 0.26861098363276603, 0.011941168708136312, 0.01790591812484004]"
4,"[0.51259901436622, 0.02964902263004808, 0.4246090459829453, 0.01781089569877503, 0.015332021322011084]"
5,"[0.5327132758178147, 0.00043222529449435187, 0.43937615398902957, 0.011078881935052083, 0.016399462963611392]"
6,"[0.06070556475098434, 5.265306453376113e-5, 0.8994977000899156, 0.0013686873376285453, 0.03837539475693779]"
7,"[0.003595914188661528, 1.2426238426136985e-6, 0.9940686364144451, 7.194145593361807e-5, 0.002262265317118459]"
