Scenario,Corrolation
1_1,0.9001575736624365
1_2,0.9104034272329055
1_3,0.8638336853957248
1_4,0.9921398259040745
2_1,0.9429056184003705
2_2,0.9201978876941402
2_3,0.921763499406948
2_4,0.9026977748694955
3_1,0.9111806075844189
3_2,0.8640366451832088
3_3,0.9344413134630253
3_4,0.9181260505557971
4_1,0.19966796850480562
4_2,0.3135968611094826
4_3,0.5147957425721028
4_4,0.8726426380541553
