Scenario,Corrolation
1_1,0.8531119932535433
1_2,0.7939286380228987
1_3,0.9366527314817429
1_4,0.9924939536689378
2_1,0.7372478012135051
2_2,0.8678133624149459
2_3,-0.13157261745487103
2_4,0.6929989989656277
3_1,0.22338382267132378
3_2,0.7817559498124875
3_3,0.877925220362749
3_4,0.16690784007903864
4_1,-0.16045387138488001
4_2,0.45379224265381213
4_3,0.2723558945239803
4_4,0.8312303082179919
