Scenario,Corrolation
1_1,0.8585544044578123
1_2,0.8154967990165206
1_3,0.9052832691661034
1_4,-0.19994481610822398
2_1,0.8296869544540624
2_2,0.9123329460246211
2_3,0.8627318552400345
2_4,0.7742238930466676
3_1,0.7242853086507135
3_2,0.880307358269164
3_3,0.9008483495689154
3_4,0.6986814861619399
4_1,-0.3392173276779102
4_2,0.10270616630241435
4_3,-0.4595079899367816
4_4,0.7469786510772501
