Scenario,Corrolation
1_1,0.7720322246667445
1_2,0.9680226719761762
1_3,0.95079478680498
1_4,0.9976782790949563
2_1,0.9696114928795612
2_2,0.804428272601547
2_3,0.07630634898370325
2_4,0.5552697492672198
3_1,0.8941352894910637
3_2,0.8372089342025961
3_3,0.6411899739835654
3_4,0.17150713082170027
4_1,0.8390043019558885
4_2,0.20748312733318902
4_3,-0.42675996737684074
4_4,0.8670208142172845
