Scenario,Corrolation
1_1,0.8133868365519066
1_2,0.9558595476267209
1_3,0.9567146800048763
1_4,0.9758672363961814
2_1,0.7289144232483862
2_2,0.4343413872693789
2_3,0.18975434502112415
2_4,0.4258055789390743
3_1,0.8504970957248044
3_2,0.3801327254947265
3_3,0.5950504453502002
3_4,0.15158083977531608
4_1,0.9140152332261345
4_2,0.2974873458301019
4_3,-0.26296634792969653
4_4,0.898820726929175
