Scenario,Corrolation
1_1,0.8283456737682132
1_2,0.9719007412923495
1_3,0.9559864075628839
1_4,0.9715044549546775
2_1,0.31349506353232076
2_2,0.9309346443879754
2_3,0.6074957391673427
2_4,0.1775861660313537
3_1,0.1968246845637479
3_2,0.9238811546345234
3_3,0.9777882518711214
3_4,0.803334867643236
4_1,0.9385164171606303
4_2,0.030334202954147065
4_3,-0.2800060386070651
4_4,0.48008298533066673
