Scenario,Corrolation
1_1,0.8688590957252111
1_2,0.9606527939359214
1_3,0.9715057815814004
1_4,0.9977432755898326
2_1,0.9581906052687659
2_2,0.9283706999966069
2_3,0.9192451261712176
2_4,0.13325535188699825
3_1,0.8114133459709026
3_2,0.9583185504906974
3_3,0.8720262817481792
3_4,0.7803163708551509
4_1,0.19453068720334898
4_2,-0.12331217162029677
4_3,-0.20410718697880803
4_4,0.8937154876875649
