Scenario,Corrolation
1_1,0.776300773706548
1_2,0.9601998405923554
1_3,0.9284618991368574
1_4,0.9909466003763003
2_1,0.9532371757376612
2_2,0.8847055526488055
2_3,0.8010770248388432
2_4,0.12024185774038144
3_1,0.8389521270554787
3_2,0.9348807766251148
3_3,0.9547401288780968
3_4,0.7312484130414431
4_1,0.6979284789048296
4_2,-0.27633072158698174
4_3,-0.2088855702081843
4_4,0.8823423700916528
