Scenario,Corrolation
1_1,0.5084118199185655
1_2,0.9561697263051087
1_3,0.9717241723997595
1_4,0.9971501718154184
2_1,0.9251917571368861
2_2,0.8584909515159241
2_3,0.11084628679172519
2_4,0.598405052419029
3_1,0.8313489885322863
3_2,0.877674851089742
3_3,0.9836213792922344
3_4,0.818212566001293
4_1,0.910901462469639
4_2,0.15911042596987515
4_3,0.9036468136752688
4_4,0.88555078888988
