Scenario,Corrolation
1_1,0.9045422733180798
1_2,0.9468645692060627
1_3,0.9705795816492483
1_4,0.9961886852366517
2_1,0.9437722511264013
2_2,0.9081351110313481
2_3,0.7631964020920485
2_4,0.1313990692658314
3_1,0.9425454009849117
3_2,0.905846834677041
3_3,0.9510277855009753
3_4,0.783072006261157
4_1,0.07756597072064532
4_2,0.09629625716456378
4_3,-0.22027582091399345
4_4,0.8646881350222536
