Timestep,Probs
1,"[0.20242914979757098, 0.1619433198380567, 0.2064777327935224, 0.2186234817813767, 0.21052631578947384]"
2,"[0.1876997471300282, 0.17087307793431802, 0.19437183288309354, 0.21554973247882112, 0.23150560957373878]"
3,"[0.02038545366567889, 0.01880465856338357, 0.01841249109927197, 0.40069101523382017, 0.5417063814378452]"
4,"[0.0008067785220522177, 0.015732115007873266, 0.00040338775971149923, 0.03912924583402296, 0.9439284728763402]"
5,"[5.623153006200702e-5, 0.0008268503244150412, 2.8115765031000468e-5, 0.002737741501512445, 0.9963510608789782]"
6,"[3.7298857236718234e-6, 6.675260963809498e-9, 1.8649428618359117e-6, 0.0002145119161873686, 0.9997798865799654]"
7,"[2.321249049962377e-7, 2.0668183004386433e-12, 1.1606245249811886e-7, 5.579893976297623e-5, 0.9999438528708123]"
