Timestep,Probs
1,"[0.17842323651452296, 0.15767634854771792, 0.199170124481328, 0.22406639004149406, 0.2406639004149381]"
2,"[0.16129036650925999, 0.1612903415323044, 0.19327515824105213, 0.2345542206488921, 0.24958991306849224]"
3,"[0.017324802279521427, 0.016672216216041008, 0.022916993922671543, 0.47187728282446256, 0.47120870475730287]"
4,"[0.001914271665913086, 0.006510296590639629, 0.0019280354706570912, 0.046268204300210496, 0.9433791919725772]"
5,"[0.0009731258055934085, 0.00024521744864478576, 0.0009857979676379269, 8.448109256269096e-6, 0.997787410668865]"
6,"[3.297538063707137e-5, 1.648691159509453e-5, 4.950806407689546e-5, 1.1337672839222948e-8, 0.9999010183060153]"
7,"[2.010828057009555e-5, 1.0054140284589214e-6, 3.0162421893706058e-6, 2.2005654378250584e-13, 0.9999758700629906]"
