Timestep,Probs
1,"[0.1984435797665367, 0.17898832684824884, 0.20622568093385185, 0.22568093385213972, 0.19066147859922156]"
2,"[0.10870395708029088, 0.21189846251164246, 0.06867452362909703, 0.33051756968574236, 0.2802054870932283]"
3,"[0.03980034682212317, 0.2217771359566172, 0.047794489015135076, 0.38526379324436505, 0.30536423496175935]"
4,"[0.0028112934013309445, 0.23033251594914556, 0.0027354940317134706, 0.4219242382232091, 0.3421964583946031]"
5,"[0.0021926021572141233, 0.029007597111438806, 0.0005761442309779291, 0.9242573652207017, 0.04396629127966678]"
6,"[0.00011577306367801535, 0.002470130134317847, 3.8596198342831946e-5, 0.9900043113761248, 0.00737118922753647]"
7,"[0.0006740979388361781, 1.3604643520092644e-12, 6.515984827878965e-7, 0.9991005434112872, 0.00022470705003206927]"
