Timestep,Probs
1,"[0.2, 0.2, 0.2, 0.2, 0.2]"
2,"[0.4857478139282561, 0.09257558222434763, 0.1876994042360176, 0.09776643494687787, 0.13621076466450083]"
3,"[0.7019196058348618, 0.021366380152548495, 0.1941304848239093, 0.04880151978889891, 0.03378200939978156]"
4,"[0.7987136688107539, 0.008575784227009756, 0.14637636009938348, 0.030265758759969275, 0.016068428102883805]"
5,"[0.7537828346352895, 0.0244304251871796, 0.12277442064493341, 0.059160825260703966, 0.03985149427189354]"
6,"[0.8597528667146737, 0.005298115305171608, 0.10643724088679082, 0.019031439477347666, 0.0094803376160162]"
7,"[0.8955375985574828, 0.0009859129783740535, 0.09970880009534058, 0.0023951012538421805, 0.0013725871149603153]"
