Timestep,Probs
1,"[0.1694915254237287, 0.15677966101694907, 0.22881355932203362, 0.24152542372881325, 0.20338983050847437]"
2,"[0.1944959683477906, 0.1357454112006053, 0.1969698101250708, 0.2656150538858028, 0.20717375644073022]"
3,"[0.051564275215572504, 0.015068564859892221, 0.024134644845841328, 0.5220756766116776, 0.38715683846701476]"
4,"[0.0049141514310782845, 2.1689418782950887e-10, 0.0009828004415754113, 0.06044388466494895, 0.9336591632455032]"
5,"[0.0002660506841773901, 6.474215323170152e-18, 6.64645527414039e-5, 0.0038489486568275243, 0.9958185361062541]"
6,"[4.474727252327459e-6, 2.1335467459673347e-26, 4.466158085949772e-5, 0.0003327824900982612, 0.99961808120179]"
7,"[9.175037614799869e-10, 1.2568544677808172e-12, 0.000461303319123676, 0.00024935466973599347, 0.9992893410923838]"
