Timestep,Probs
1,"[0.23666666666666636, 0.20666666666666642, 0.1666666666666665, 0.2033333333333331, 0.18666666666666645]"
2,"[0.17676767881910632, 0.2777777755876903, 0.020202026182097228, 0.25252525124888664, 0.27272726816222004]"
3,"[0.13817953109134548, 0.2927951138929687, 0.011063455738607973, 0.2651743630935222, 0.2927875361835541]"
4,"[0.006622533406889034, 0.331125826505359, 0.006622516176264615, 0.3112582781304117, 0.3443708457810754]"
5,"[2.8564990186957706e-5, 0.020979398346905133, 0.020823877791362407, 0.9579269433935198, 0.00024121547802581926]"
6,"[1.65572582684188e-13, 4.540267680603174e-9, 4.061171965613092e-8, 0.9999999540957848, 7.520688796091173e-10]"
7,"[2.964139302089893e-22, 9.434391844233801e-16, 3.716467834097673e-11, 0.9999999999628334, 2.39656953421875e-20]"
