Scenario,Corrolation
1_1,0.7952688981796998
1_2,0.9550789602300992
1_3,0.9679395353177989
1_4,0.9939189603283036
2_1,0.9726369833273191
2_2,0.8145829640141649
2_3,0.8230646308111031
2_4,0.7312348258035057
3_1,0.8296878919102407
3_2,0.9595804627053776
3_3,0.8988216809877083
3_4,0.7990563973815961
4_1,0.7611775701777537
4_2,0.6444909089899802
4_3,0.047079047656170915
4_4,0.8558970785719594
