Timestep,Probs
1,"[0.1999999999999998, 0.1795918367346937, 0.18775510204081614, 0.22040816326530588, 0.21224489795918344]"
2,"[0.4161989957685398, 0.041304331575520714, 0.4304998539301881, 0.0651302407212811, 0.04686657800446994]"
3,"[0.44560058288263776, 0.03390992342835671, 0.4834646516986787, 0.012590596895986381, 0.024434245094338943]"
4,"[0.4905218068241748, 0.007589161948687128, 0.4801160598406578, 0.014200486199278472, 0.007572485187200956]"
5,"[0.4864110567445657, 0.008489599005095445, 0.4733190387739109, 0.016632848903254775, 0.015147456573175072]"
6,"[0.4306176719915731, 0.013578781218715669, 0.5260696762811855, 0.015512271290396605, 0.014221599218128675]"
7,"[0.49404676596467556, 0.01930572566354315, 0.48439628075877256, 0.001179026161257542, 0.0010722014517532494]"
