Timestep,Probs
1,"[0.1743119266055046, 0.21559633027522937, 0.18807339449541285, 0.19724770642201836, 0.22477064220183487]"
2,"[0.26041628029314706, 0.3437500742438488, 0.31249980432533764, 0.03588025801446916, 0.047453583123196856]"
3,"[0.22578283511699002, 0.38203465648628093, 0.3820761152663908, 0.004298869631493619, 0.005807523498845287]"
4,"[0.3400648165359841, 0.06679701039708053, 0.5931369660411763, 1.2070053467923216e-6, 2.0412740517374136e-11]"
5,"[0.36191938570363547, 0.008021717683014793, 0.6300588966056633, 7.687119718372821e-12, 1.1023222021080972e-21]"
6,"[0.08016455256296628, 0.0017541428483960567, 0.9180813045886382, 4.369037669359229e-19, 9.549060861484432e-33]"
7,"[0.009391824507395672, 2.6306799196613484e-10, 0.9906081740513575, 1.1781572646335897e-9, 1.992486495236979e-14]"
