Timestep,Probs
1,"[0.17886178861788604, 0.19105691056910554, 0.19918699186991853, 0.17479674796747954, 0.25609756097560954]"
2,"[0.14596633135542805, 0.19907132822153242, 0.20603588989239283, 0.18804422680828312, 0.26088222372236464]"
3,"[0.03358094548013423, 0.023983724850533482, 0.02598127125704242, 0.4066179233032761, 0.5098361351090136]"
4,"[0.00529863193440864, 0.020231132265226697, 0.0033718596126830905, 0.04190884723848779, 0.9291895289491965]"
5,"[0.00027476645068607274, 0.0008051049867232345, 0.0001642095283197668, 0.0025829072667799373, 0.9961730117674905]"
6,"[5.054942382821222e-5, 8.790083727553525e-5, 6.598927098442277e-6, 0.00019561089241764586, 0.9996593399193797]"
7,"[0.00045904266909416907, 0.00034318088609623567, 0.004590443001120082, 0.00023552797150801628, 0.994371805472179]"
