Timestep,Probs
1,"[0.16877637130801693, 0.19409282700421948, 0.2151898734177216, 0.21097046413502119, 0.21097046413502119]"
2,"[0.2509145544244383, 0.30998377093968427, 0.35128025035589877, 0.047047663678246525, 0.04077376060173288]"
3,"[0.31332682283750907, 0.30184233815341815, 0.3758660071462228, 0.003411820193183162, 0.005553011669667222]"
4,"[0.4420205167316654, 0.028355338269300624, 0.5194448362257581, 0.00763351378295908, 0.0025457949903160615]"
5,"[0.44781206003447327, 0.002179188050112952, 0.5493380184725007, 3.792052285283482e-5, 0.0006328129200591157]"
6,"[0.05751356085087015, 0.00041571897049234944, 0.9409330949150803, 4.729733008227008e-5, 0.001090327933476132]"
7,"[0.0011267859655842267, 0.00045071458513098995, 0.9977457750452664, 0.00022535729419544112, 0.00045136710982641813]"
