Timestep,Probs
1,"[0.1897233201581029, 0.21739130434782625, 0.20158102766798433, 0.24901185770751008, 0.14229249011857714]"
2,"[0.31718929474871577, 0.3259226612683426, 0.27352135265438143, 0.06312057616786779, 0.020246115160692853]"
3,"[0.342270856010403, 0.3093856868037541, 0.33078140471341505, 0.015612314211898997, 0.0019497382605289197]"
4,"[0.4788294983453367, 0.022404243181518423, 0.4972628754783112, 0.00038075996656580433, 0.001122623028267116]"
5,"[0.4775184270620746, 0.0012277360320640225, 0.5188368501329228, 0.0016921006608199745, 0.0007248861121174089]"
6,"[0.09932223313784469, 0.00013402124393968717, 0.8999004176697935, 8.043872662452604e-5, 0.0005628892217966644]"
7,"[0.005608905471379869, 6.5942441336584404e-6, 0.9943607637173166, 4.942105146005583e-6, 1.8794462024015854e-5]"
