Timestep,Probs
1,"[0.18400000000000014, 0.21400000000000016, 0.17800000000000013, 0.20600000000000016, 0.21800000000000017]"
2,"[0.18526787618112422, 0.22767853756887385, 0.16071427908068509, 0.19866076866707205, 0.2276785385022448]"
3,"[0.005445375142082818, 8.962910023474428e-5, 0.005423375270637439, 0.45976875692352975, 0.5292728635635172]"
4,"[2.2252155972172955e-9, 4.39898301039149e-8, 2.224822340590431e-9, 3.672409383708943e-7, 0.9999995843191914]"
5,"[7.342276555984914e-11, 9.353008226008061e-9, 2.8316999907276002e-11, 1.1117336286769617e-7, 0.9999998793718963]"
6,"[1.4664778102206506e-19, 2.4113032574813673e-18, 3.120403627384353e-23, 5.67600022372605e-12, 0.9999999999943161]"
7,"[2.749673633938612e-26, 6.7976198996349515e-28, 5.752399262219166e-33, 1.2126852068419002e-18, 0.9999999999999952]"
