Timestep,Probs
1,"[0.18600000000000014, 0.19400000000000014, 0.19400000000000014, 0.21400000000000016, 0.21200000000000016]"
2,"[0.19080460918660316, 0.19540227022809387, 0.16551731292722494, 0.2252872707858675, 0.2229885368722091]"
3,"[0.016042965667963986, 0.005417894697832473, 7.780373927067111e-5, 0.48923791701268127, 0.48922341888225224]"
4,"[7.294082911576802e-9, 2.390593977201031e-7, 1.4001526763613987e-12, 4.1382845422547683e-7, 0.999999339816661]"
5,"[3.8711590591336555e-8, 3.666606167780003e-7, 1.0649499100950938e-10, 3.862986431567013e-7, 0.9999992082226432]"
6,"[5.906578460252283e-12, 6.562933851876768e-13, 2.2798255798503298e-22, 1.1877987662615062e-11, 0.999999999981564]"
7,"[1.2638174886838946e-18, 1.4042417057025258e-19, 9.262165666929955e-35, 9.227116096227431e-16, 1.0000000000000089]"
