Timestep,Probs
1,"[0.2, 0.2, 0.2, 0.2, 0.2]"
2,"[0.4397049085585437, 0.048463141003643996, 0.35207467697776973, 0.03629643544162562, 0.12346083801841688]"
3,"[0.5296744204262892, 0.012821067986060149, 0.42535616024536993, 0.017658967623644297, 0.014489383718636359]"
4,"[0.6196647148997623, 0.0014507994214288814, 0.35881112065470877, 0.01614880557746157, 0.003924559446638495]"
5,"[0.6165657140529511, 0.00680946865144818, 0.3502984334038096, 0.019082668576039654, 0.007243715315751235]"
6,"[0.6293972920124614, 0.0006515777361481318, 0.3589508943353232, 0.009377565238415408, 0.001622670677651754]"
7,"[0.638694675279329, 3.517332913509989e-5, 0.3605379229212671, 0.0005467111193122929, 0.00018551735095636041]"
