Timestep,Probs
1,"[0.18243243243243257, 0.256756756756757, 0.16891891891891903, 0.1959459459459461, 0.1959459459459461]"
2,"[0.3636230544979326, 0.13637272089590685, 0.3636230001970822, 0.07143494479695452, 0.06494627961212365]"
3,"[0.45383717720653277, 0.03317538396665733, 0.41601976291621356, 0.03315841774339113, 0.06380925816720445]"
4,"[0.5278345300753693, 0.011340270494248059, 0.4123714574660804, 0.037113536710106705, 0.011340205254195665]"
5,"[0.507769108777196, 0.007812486095538593, 0.39833847249847126, 0.06252835823179165, 0.023551574397003606]"
6,"[0.5195513417862703, 7.909034644307547e-6, 0.4155987903624399, 0.06484195530935835, 3.5072869289581614e-9]"
7,"[0.4839106684423964, 1.1955804142033317e-8, 0.4837469977041074, 0.03234232189646322, 1.2282768974616482e-12]"
