Timestep,Probs
1,"[0.22195121951219526, 0.20487804878048793, 0.1902439024390245, 0.1829268292682928, 0.20000000000000012]"
2,"[0.3454792757839186, 0.3135606521210571, 0.27824803391163155, 0.02824876362154497, 0.034463274561847494]"
3,"[0.3559538234234684, 0.3063415209052504, 0.31549746652014726, 0.010626318410232554, 0.011580870740901887]"
4,"[0.5841703012898972, 0.026022198537242476, 0.38787121934801305, 0.0006462546195360725, 0.0012900262053110723]"
5,"[0.6448349187616659, 0.0018979591149177622, 0.35316709901961324, 2.8569496006188816e-5, 7.14536077963693e-5]"
6,"[0.18218963016555148, 0.0011756672772194705, 0.8165820600512278, 4.386815156054088e-6, 4.825569084563922e-5]"
7,"[0.02544372264940144, 0.002544605994113992, 0.9718294043632877, 9.900290992358368e-12, 0.0001822669832904732]"
