Timestep,Probs
1,"[0.1907090464547679, 0.19804400977995132, 0.20537897310513473, 0.21515892420537927, 0.1907090464547679]"
2,"[0.2108996323051301, 0.16868512800077942, 0.20519029855150747, 0.23391004278654007, 0.18131489835604295]"
3,"[0.026348927017337525, 0.018209920157669417, 0.021234753759554907, 0.4994157805423603, 0.43479061852307743]"
4,"[0.0027994530232527868, 0.013071729697019287, 0.0034214301609659264, 0.057232653974885715, 0.9234747331438785]"
5,"[0.00018558019731396112, 0.00100776491143013, 0.000198699721050609, 0.0036987566577346806, 0.9949091985124717]"
6,"[0.00028437804830810833, 0.0005679387782153901, 0.00014198347832606863, 0.0004259564032581193, 0.9985797432918985]"
7,"[1.7576431142103612e-5, 3.515286208201248e-5, 8.788215520503082e-6, 2.6364654752900857e-5, 0.9999121178365048]"
