Timestep,Probs
1,"[0.20542635658914754, 0.18992248062015527, 0.17829457364341106, 0.22868217054263595, 0.1976744186046514]"
2,"[0.23261858628388313, 0.18068654644252186, 0.14248893871942245, 0.19957103605682575, 0.2446348924973473]"
3,"[0.21377127320296524, 0.15315153430290565, 0.11214331051599559, 0.3114650902782747, 0.20946879169985877]"
4,"[0.31656309539338406, 0.24755107022335865, 0.05439072410733163, 0.24270302533278235, 0.1387920849431426]"
5,"[0.07183858897879582, 0.06409182690098002, 0.10019623740128991, 0.5644217639499571, 0.19945158276897754]"
6,"[0.023390483515244438, 0.016825069295831156, 0.189576795579921, 0.3947476480330526, 0.37546000357594955]"
7,"[0.2080193198085658, 0.011509840913371289, 0.21452060630596165, 0.3431722142375135, 0.22277801873458755]"
8,"[0.2078199440004355, 0.03719283292239091, 0.33703644523539533, 0.20322888185264906, 0.2147218959891294]"
9,"[0.028407587007826824, 0.052142970692076976, 0.5293286328886416, 0.25611154330779384, 0.13400926610366093]"
10,"[1.5763039902762544e-9, 0.021703731380869454, 0.7052094403336405, 0.20538408248287374, 0.06770274422631285]"
11,"[4.576455578936448e-15, 0.01807393050902434, 0.6476874671895388, 0.16055939360993118, 0.1736792086915013]"
12,"[1.9049129014780416e-8, 0.01317138340016118, 0.8552495401301271, 0.07894785185208265, 0.05263120556849852]"
13,"[7.928809887776695e-16, 0.003821870880983505, 0.9583990112195331, 0.009833037435886852, 0.027946080463594185]"
14,"[8.516262064113374e-9, 3.178665918193347e-10, 0.9771427933102472, 0.00023809524550880734, 0.022619102610115044]"
15,"[5.694428874315177e-17, 5.769386150229559e-17, 0.8097219758773537, 0.00026295832702044353, 0.19001506579562766]"
16,"[1.2479666484978284e-10, 4.287627628765054e-8, 0.9353305730479875, 0.002395142475196551, 0.06227424147574461]"
17,"[1.2679417301479054e-10, 7.307040930880605e-7, 0.9977221227002391, 0.0022771464563503064, 1.2524976533919865e-11]"
18,"[8.684475438416152e-11, 3.565756368695537e-10, 0.9992031972103241, 0.0007968023414376082, 4.824304161825614e-12]"
19,"[2.2728000504091107e-10, 1.1358213859710366e-10, 0.9998742319043727, 0.00012576775459705557, 1.7074600333627517e-13]"
