Timestep,Probs
1,"[0.20325203252032503, 0.18292682926829254, 0.21544715447154453, 0.15447154471544705, 0.24390243902439002]"
2,"[0.4539078085045493, 0.10187507189050507, 0.3277850115993098, 0.04366241213503486, 0.07276969587060134]"
3,"[0.5384488451849013, 0.08369878525472994, 0.32290692850129543, 0.004861696433251525, 0.05008374462582199]"
4,"[0.6350041159477605, 0.044000785773285395, 0.27314733983126693, 0.03197860082037225, 0.01586915762731515]"
5,"[0.3902301336686551, 0.029470507044287626, 0.5517395127124162, 0.020607310508986638, 0.007952536065654006]"
6,"[0.5001639328257076, 0.0380952899425895, 0.41116613459138107, 0.031855455958808454, 0.018719186681514236]"
7,"[0.5006188532581904, 0.030432746772795106, 0.46484110872647283, 0.002587058800424638, 0.0015202324421174824]"
