Scenario,Corrolation
1_1,0.9551940219476275
1_2,0.9627201506309624
1_3,0.7652800343041295
1_4,0.9446917086476833
2_1,0.6527426168476709
2_2,0.6718958440757621
2_3,0.9261252642658124
2_4,0.6859262345829092
3_1,0.8585114711277582
3_2,0.9063214271451348
3_3,0.8859015265626726
3_4,0.9053639394102594
4_1,0.7553546103614152
4_2,0.8031817961489144
4_3,0.45605898969486214
4_4,0.863706885832535
