Timestep,Probs
1,"[0.2, 0.2, 0.2, 0.2, 0.2]"
2,"[0.6638941856233865, 0.0002177004731179404, 0.3355547660433864, 0.0002227374533195378, 0.0001106104067895807]"
3,"[0.6641428627549387, 7.250443245663944e-5, 0.3356813778078929, 7.464751646927458e-5, 2.8607488242321775e-5]"
4,"[0.7970681125569022, 2.8550962138722576e-8, 0.20282531241025734, 8.95888897132537e-5, 1.6957592164933852e-5]"
5,"[0.7970559187143652, 1.3506297623045003e-8, 0.20283750017311486, 8.96063587002906e-5, 1.6961247522119577e-5]"
6,"[0.7970559198952433, 7.230766064883333e-9, 0.20283750176090237, 8.960911384080136e-5, 1.696199924754146e-5]"
7,"[0.7971393305278047, 1.2118158332102597e-12, 0.2028606341225376, 2.966936967088906e-8, 5.67907612789274e-9]"
