Timestep,Probs
1,"[0.2, 0.2, 0.2, 0.2, 0.2]"
2,"[0.6638865130924584, 0.00021711760464414748, 0.3355745499201414, 0.00021398302813088692, 0.00010783635462518306]"
3,"[0.6641276530855609, 7.224065546074595e-5, 0.3356973754702445, 6.563869639948385e-5, 3.7092092334514014e-5]"
4,"[0.7970447435804262, 2.7107149025922947e-8, 0.20285561600212385, 7.743914753051325e-5, 2.217416277039506e-5]"
5,"[0.7970317755578276, 1.3784773802967136e-8, 0.20286858486543569, 7.744986689161938e-5, 2.217592507140106e-5]"
6,"[0.7970317815938698, 6.8622703651405616e-9, 0.20286858545016545, 7.744982361125036e-5, 2.2176270083223092e-5]"
7,"[0.7971095561294931, 1.1845420498666707e-12, 0.20289041092316104, 2.5647595616832245e-8, 7.298565757470214e-9]"
