Timestep,Probs
1,"[0.226027397260274, 0.2123287671232877, 0.1986301369863014, 0.13698630136986303, 0.226027397260274]"
2,"[0.2068968303790965, 0.20306517285693923, 0.25287281472450684, 0.10727995415628507, 0.229885227883172]"
3,"[0.12378299281421769, 0.0826131296530369, 0.10672232573366754, 0.2472800877867967, 0.43960146401228123]"
4,"[0.07670462329377756, 0.03409108927515713, 0.04829571560952833, 0.11363656943055378, 0.7272720023909827]"
5,"[0.010866709704625978, 0.002708380110179464, 8.057230298258917e-9, 0.032588758012744544, 0.9538361441152213]"
6,"[0.0029992897941379837, 1.2537685404517444e-9, 1.8881510676588835e-17, 0.013494539702540163, 0.9835061692495541]"
7,"[1.5482290900543497e-9, 2.359385995206307e-13, 2.6506682168367145e-13, 1.1284870336259664e-6, 0.9999988699642345]"
