Timestep,Probs
1,"[0.23026315789473667, 0.22368421052631562, 0.21052631578947353, 0.15789473684210517, 0.1776315789473683]"
2,"[0.25278701259807884, 0.23791871315360424, 0.17843906439979168, 0.17843880014294705, 0.15241640970557774]"
3,"[0.11343028667944821, 0.09784254257615305, 0.08606178448684779, 0.2811814707047036, 0.4214839155528466]"
4,"[0.035176121254742516, 0.03517620812529352, 0.03517611401169088, 0.09045284342529572, 0.8040187131829779]"
5,"[1.679875906915016e-7, 0.0049627776638377875, 3.192459042283145e-6, 0.027409151173887022, 0.9676247107156434]"
6,"[9.750147351025028e-17, 1.8887107105808957e-8, 7.186845802344018e-13, 0.011294404917645662, 0.9887055761945277]"
7,"[1.509992743103027e-10, 0.0, 5.791752987244613e-12, 0.006491119492340079, 0.9935088803508639]"
