Timestep,Probs
1,"[0.22433460076045644, 0.15969581749049439, 0.20912547528517125, 0.23574144486692034, 0.17110266159695828]"
2,"[0.1617313668895476, 0.2057706546224154, 0.06719821205536824, 0.3470006515913747, 0.2182991148412941]"
3,"[0.1067604599294406, 0.2084159421874935, 0.028784528802189725, 0.42067149585712404, 0.2353675732237535]"
4,"[0.0069325569406501536, 0.2088223875652264, 0.0021767717750417106, 0.4772340762434648, 0.30483420747561685]"
5,"[0.0004270761895352555, 0.018752253575442874, 0.0008492495531113308, 0.9493318784211421, 0.03063954226076898]"
6,"[2.8188001865889992e-5, 0.0010150998753255486, 2.818811127456706e-5, 0.9972367881597944, 0.001691735851738921]"
7,"[1.6948471653683498e-6, 5.259970847218644e-5, 3.220209614223946e-5, 0.9998321122076056, 8.13911406146492e-5]"
