Timestep,Probs
1,"[0.21138211382113803, 0.19918699186991853, 0.22764227642276402, 0.18699186991869904, 0.17479674796747954]"
2,"[0.17784478496085426, 0.27293937023411696, 0.05939278830813381, 0.2545878096880382, 0.2352352468088574]"
3,"[0.11112887925982594, 0.31713555549810135, 0.027321498833567714, 0.308534089713636, 0.23587997669486918]"
4,"[0.007644905425541249, 0.32571245612746064, 0.016071701714635924, 0.39975760671739596, 0.2508133300149668]"
5,"[0.002623708061369836, 0.07620638690354029, 0.0036883866260292273, 0.887457112823852, 0.03002440558521]"
6,"[0.00018569281264332714, 0.00501414706922801, 0.00018569841884617203, 0.9921259505001533, 0.002488511199129199]"
7,"[1.0114579853953592e-5, 0.00027023460144827156, 6.341380162828659e-6, 0.9995575433724466, 0.00015576606608879397]"
