Timestep,Probs
1,"[0.18672199170124498, 0.23236514522821608, 0.17842323651452296, 0.20331950207468902, 0.199170124481328]"
2,"[0.3425857363525537, 0.1481571801120166, 0.2546141885718115, 0.11111774281025678, 0.14352515215336145]"
3,"[0.4400862133850336, 0.08519752328274431, 0.34276365492789773, 0.06053642300264935, 0.07141618540167398]"
4,"[0.43963933948035616, 0.03486146280821891, 0.46094109878210515, 0.03808939839516581, 0.026468700534154347]"
5,"[0.4231589595761955, 0.0331867722534155, 0.4895557323186015, 0.037358778350773024, 0.01673975750101534]"
6,"[0.36614222869101626, 0.017024000498757103, 0.5466433589298204, 0.05951803584844419, 0.010672376031962803]"
7,"[0.47164116164592484, 3.1030652754994025e-5, 0.5030199233582743, 0.023821851276879066, 0.0014860330661671522]"
