Timestep,Probs
1,"[0.21999999999999972, 0.2033333333333331, 0.15999999999999984, 0.24666666666666634, 0.16999999999999982]"
2,"[0.18348623923014157, 0.24770642167128767, 0.03669725240689311, 0.3119266026205621, 0.22018348407111407]"
3,"[0.11292886381842959, 0.26663759512831153, 0.025657978027512372, 0.34866153694612706, 0.2461140260796187]"
4,"[0.01923078299099293, 0.26282051344384916, 2.486862741769379e-8, 0.43589741025750944, 0.28205126843901984]"
5,"[6.427775614290447e-5, 9.760696394931708e-5, 5.53150096050802e-13, 0.9997333663435094, 0.00010474893584725]"
6,"[1.2373622768735929e-11, 1.2197115127584038e-10, 3.8001313006404777e-13, 0.9999994152630381, 5.846022338690837e-7]"
7,"[2.0679840485924634e-18, 2.1745429389195177e-20, 3.98792090344255e-24, 0.9999999999998852, 1.2210985723603725e-13]"
