Timestep,Probs
1,"[0.23200000000000018, 0.20000000000000015, 0.21200000000000016, 0.20400000000000015, 0.1520000000000001]"
2,"[0.3492059990041947, 0.2585627419188495, 0.28153720503116114, 0.06850491236175729, 0.04218914168403723]"
3,"[0.36003216889268647, 0.3051048797827986, 0.3053174179357962, 0.02582493106294838, 0.003720602325769356]"
4,"[0.5311981498444569, 0.036454521969652466, 0.39640858720216166, 0.03560372414084263, 0.000335016842886522]"
5,"[0.5771036171096446, 0.0016486402352668644, 0.3847436996098828, 0.03603251841352569, 0.0004715246316784623]"
6,"[0.12399349453473635, 0.001382219676286434, 0.87031686880621, 0.004275261996018602, 3.215498675042532e-5]"
7,"[0.009649913257045829, 5.3667553853014266e-5, 0.9899844979151933, 0.0003095935032101132, 2.3277706969077457e-6]"
