Timestep,Probs
1,"[0.19600000000000015, 0.20200000000000015, 0.22200000000000017, 0.20200000000000015, 0.17800000000000013]"
2,"[0.14046839218573096, 0.23745827321524018, 0.09364546864107581, 0.2709030068433076, 0.25752485911464645]"
3,"[0.1142156783553175, 0.27552899126386476, 0.04338835166154152, 0.3030975482030428, 0.26376943051623547]"
4,"[0.0052356149001365135, 0.2931937276763335, 0.015706803957566778, 0.36125648345809125, 0.324607370007873]"
5,"[1.9872545838671183e-5, 0.04362931568327236, 2.428866759085032e-5, 0.956189623337068, 0.0001368997662299221]"
6,"[6.867748916888731e-14, 1.4418976205985992e-8, 1.9238175669654755e-12, 0.9999999849776156, 6.014087726519378e-10]"
7,"[2.1979738958029643e-24, 1.0596943734485974e-14, 1.8465694272764246e-22, 0.9999999999999829, 9.928794283854876e-17]"
