Timestep,Probs
1,"[0.23333333333333303, 0.23333333333333303, 0.17666666666666647, 0.17666666666666647, 0.1799999999999998]"
2,"[0.2480314934704563, 0.23622041313669107, 0.1496064246329933, 0.18897634121004384, 0.17716532754981495]"
3,"[0.034612569507419186, 0.011633829707987, 7.899081767387491e-5, 0.4940560383357506, 0.4596185716311692]"
4,"[0.02564101953298668, 1.2687553732570748e-7, 1.2122408173307885e-12, 2.3052031008540966e-7, 0.9743586230699528]"
5,"[0.026717320188969777, 2.1822664899779117e-8, 3.95420391529158e-11, 1.293629973510722e-7, 0.9732825285858229]"
6,"[0.026717557249496447, 6.414449639202074e-18, 2.8724126154539615e-21, 2.7030351075696618e-14, 0.9732824427504799]"
7,"[0.004038572471439315, 1.9414681289942944e-27, 1.8960151297267486e-31, 5.3511007075605194e-20, 0.9959614275285582]"
