Scenario,Corrolation
1_1,0.8752777395451565
1_2,0.963547196985207
1_3,0.9526739167253117
1_4,0.9940760509991937
2_1,0.68679018351333
2_2,0.8640116473357742
2_3,-0.06807824704825177
2_4,0.33468078954365077
3_1,0.8780594499761344
3_2,0.5038611960163054
3_3,0.6942340165195503
3_4,0.8314383048650511
4_1,-0.0006688059786802131
4_2,0.5004628674955086
4_3,0.9416564022026537
4_4,0.8942784096939853
