Timestep,Probs
1,"[0.23999999999999969, 0.18333333333333313, 0.1933333333333331, 0.20666666666666642, 0.17666666666666647]"
2,"[0.36180902237627294, 0.2613065193125278, 0.28140701763724063, 0.07035180478112764, 0.02512563589283108]"
3,"[0.39126587298206555, 0.3042956072879628, 0.2919123861550924, 8.896536125498263e-5, 0.012437168213624564]"
4,"[0.577981120930175, 8.45893079474672e-7, 0.4220179598434948, 5.22339388791413e-8, 2.1099310267844628e-8]"
5,"[0.5779816512494497, 1.2892718175704033e-10, 0.4220183485268662, 7.104231337476036e-11, 2.371338724231319e-11]"
6,"[0.08001153866678469, 5.412155397439005e-19, 0.9199884613331466, 3.5977256801659534e-18, 7.091037257556629e-14]"
7,"[9.492866848158093e-5, 3.149620861673321e-9, 0.9999050680749124, 1.0693388750752275e-10, 5.167176657314089e-14]"
