Scenario,Corrolation
1_1,0.9582534403781825
1_2,0.9656460106209533
1_3,0.9681638065870868
1_4,0.9952370941714046
2_1,0.8415696150558595
2_2,0.6730493230668997
2_3,0.08765923715856987
2_4,0.1902585099844202
3_1,0.9233821027442947
3_2,0.837581814552749
3_3,0.7893606033203044
3_4,0.5252421375077356
4_1,0.3408892298324294
4_2,0.2956264549650351
4_3,0.23854306405367384
4_4,0.4752470088665064
