Timestep,Probs
1,"[0.20863309352518025, 0.17266187050359733, 0.1918465227817749, 0.24700239808153537, 0.1798561151079139]"
2,"[0.3203218908263001, 0.2788483291593142, 0.2976333783907987, 0.06538217546627995, 0.03781422615730642]"
3,"[0.35002513864571544, 0.3003860546528357, 0.32192373731156937, 0.024438804250927752, 0.003226265138951805]"
4,"[0.512209023887674, 0.02703722039916025, 0.4192591900702612, 0.04131553701040303, 0.0001790286325011835]"
5,"[0.5027804954567123, 0.000442647541262604, 0.4500119693910864, 0.04559578333448736, 0.001169104276447673]"
6,"[0.051078941024151996, 5.598502563514898e-5, 0.9429671461843298, 0.005450148802413663, 0.00044777896347102325]"
7,"[0.003050852278974336, 3.926338473435313e-6, 0.9965701509723743, 0.0003574492633424642, 1.76211468360687e-5]"
