Timestep,Probs
1,"[0.21854304635761604, 0.13245033112582788, 0.20529801324503325, 0.20529801324503325, 0.23841059602649023]"
2,"[0.36839891358650245, 0.0986833703588207, 0.263169543650293, 0.10526566308722958, 0.16448250931715364]"
3,"[0.509059528738259, 0.0451674079233758, 0.36057072637394844, 0.029321773970589313, 0.05588056299382651]"
4,"[0.567807025115631, 0.02534882817481194, 0.344739966145257, 0.010139797984660906, 0.05196438257964036]"
5,"[0.5338816073818281, 0.007279906339357437, 0.4307763235465979, 0.006975657596989955, 0.021086505135225742]"
6,"[0.5231252453559933, 0.013195411197546114, 0.4471413812985215, 4.884290444476729e-9, 0.016537957263649455]"
7,"[0.5934510068092996, 0.00770636618998888, 0.3930646134603873, 1.9912694105544126e-11, 0.005778013520412876]"
