Timestep,Probs
1,"[0.16504854368932034, 0.18446601941747567, 0.18446601941747567, 0.25242718446601936, 0.21359223300970867]"
2,"[0.19864742265018795, 0.19949247889539315, 0.20118283315583455, 0.22400752423966477, 0.17666974105892053]"
3,"[0.055563584752170325, 0.055648057837171576, 0.036339894390318116, 0.4798415714886381, 0.3726068915317032]"
4,"[0.002743404923416707, 0.002747595859604939, 0.004132254368174813, 0.11659808942957699, 0.8737786554192258]"
5,"[0.0002559802559694078, 0.0005112592099532922, 0.0002591751389197771, 0.0164228283361244, 0.9825507570590344]"
6,"[1.3059761768889065e-11, 1.1752016242972129e-10, 0.0005552404860190744, 1.434765126682653e-10, 0.9994447592399266]"
7,"[5.672517224290522e-22, 4.650676527764457e-20, 8.512702406330773e-5, 4.136266331339793e-18, 0.9999148729759377]"
