Timestep,Probs
1,"[0.1990521327014216, 0.14691943127962073, 0.22274881516587655, 0.2037914691943126, 0.22748815165876754]"
2,"[0.20351163437306183, 0.165203508329055, 0.18994434635973043, 0.22346347815803458, 0.21787703278011755]"
3,"[0.031959580080285634, 0.03351363307946147, 0.048570704140971255, 0.4942121347600945, 0.3917439479391876]"
4,"[2.129026527665867e-7, 0.004122663277167536, 4.2401519735436185e-7, 0.12776408107919798, 0.8681126187257847]"
5,"[6.101196903012052e-12, 0.00029212358984690605, 8.471154723432702e-14, 0.01868842554445353, 0.9810194508595129]"
6,"[2.943167452299363e-12, 0.0005662380388507887, 3.284022222252768e-12, 0.0005662572158081503, 0.9988675047391151]"
7,"[7.102169017946041e-23, 9.350279934843797e-5, 7.152702870584273e-22, 1.1543751234445557e-6, 0.9999053428255286]"
