Timestep,Probs
1,"[0.1587301587301586, 0.2619047619047614, 0.19841269841269815, 0.18253968253968234, 0.19841269841269815]"
2,"[0.16386164011418408, 0.28668436451513607, 0.17744323826606095, 0.18069076028970638, 0.19131999681491255]"
3,"[0.04225882887145077, 0.04522613277984169, 0.02706108138778861, 0.4512344088686005, 0.4342195480923189]"
4,"[0.0034198257789023203, 0.012213115390388765, 0.00390814947452261, 0.04934186239019706, 0.931117046965991]"
5,"[0.0008326527543916423, 0.0008672419756099351, 0.0002447364521574848, 0.0039007069916773226, 0.9941546618261642]"
6,"[5.056814288150514e-5, 1.2643462560351698e-5, 1.4749372247120593e-5, 0.0002802540517243356, 0.9996417849705868]"
7,"[0.00011314385915970426, 0.0004569384673921464, 0.0009145222084220268, 1.9186754645025464e-5, 0.9984962087103844]"
