Timestep,Probs
1,"[0.20377358490566036, 0.1962264150943396, 0.20377358490566036, 0.2150943396226415, 0.1811320754716981]"
2,"[0.22055575387124352, 0.21872755158802729, 0.05559647715606232, 0.3138255456974857, 0.19129467168718092]"
3,"[0.4200161747684341, 0.47058029768521603, 0.006157181787549228, 0.049880068837408344, 0.05336627692139293]"
4,"[0.3215473017578661, 0.5791178224946113, 0.03367434665292191, 0.013472669228837011, 0.052187859865763575]"
5,"[0.048512838325160505, 0.9329312616696794, 0.0059485624882803685, 0.004489585705003128, 0.008117751811876777]"
6,"[0.03793175791138512, 0.9538952716342414, 0.0014668192446687179, 0.0050291824943126465, 0.0016769687153928064]"
7,"[0.06049316655475133, 0.936534467132572, 0.0009907938258976576, 0.001981571951683421, 5.350947504731047e-10]"
8,"[0.0265820827372662, 0.970095900965107, 0.0016610085153244182, 0.0016610077821873261, 1.1220151153627726e-13]"
9,"[0.026417914953661435, 0.9698081852549981, 0.0018869503120929098, 0.0018869494779631896, 1.2850871871350244e-12]"
10,"[0.058474810598065946, 0.9366534700299792, 0.0048717183406221725, 1.0187277753596875e-9, 1.2609278877389205e-11]"
11,"[0.06849278264749462, 0.9311467894512684, 0.000360427901236878, 2.694140238704818e-15, 1.2603113080535582e-22]"
12,"[0.06878358827929595, 0.9307668468348943, 0.0004495648858117844, 7.806444676805702e-23, 2.0180850873372e-31]"
13,"[0.06332462640059773, 0.9358840735670109, 0.00079130003238751, 2.5855148096178636e-28, 9.168503105362142e-40]"
14,"[0.005915065487695767, 0.9940848099222926, 1.1197743628700649e-7, 1.2595091589139472e-8, 1.748557176503502e-11]"
15,"[0.01333936649807124, 0.9866606334136689, 8.813563370111403e-11, 1.2239194501495402e-13, 2.2752467690626327e-18]"
16,"[0.021212058190269913, 0.9787741193371036, 1.893777598057744e-8, 1.3803301089609611e-5, 2.3376446579298384e-10]"
17,"[0.03963978587037339, 0.9603602100974058, 6.828487015492199e-14, 4.032153202952339e-9, 1.0407692445563279e-17]"
18,"[0.038028220115498224, 0.9619717786447908, 1.228500791976863e-10, 1.2284820910575353e-10, 9.940137048058301e-10]"
19,"[0.034065893128157894, 0.9659341068718449, 3.0639851893483935e-17, 3.068183631383871e-18, 3.06398064274313e-18]"
20,"[0.0014390505544106323, 0.9985609494455886, 9.63759885925362e-27, 6.246011582509873e-23, 1.3058858589596148e-29]"
21,"[8.577376558946618e-5, 0.9999142262344106, 6.189298190806893e-36, 1.4791465651023679e-29, 4.713501021104388e-40]"
