Timestep,Probs
1,"[0.20754716981132074, 0.19245283018867923, 0.2150943396226415, 0.20377358490566036, 0.1811320754716981]"
2,"[0.38660407682289016, 0.10409360098095372, 0.29367611191991555, 0.1189669918507535, 0.0966592184254868]"
3,"[0.48445746987160454, 0.0407309694874476, 0.38223424214642227, 0.0435450557793952, 0.04903226271513056]"
4,"[0.5686739150550587, 0.016265221366272297, 0.3759035239866926, 0.025301598289034773, 0.013855741302942863]"
5,"[0.5512833137166765, 0.00977408860907412, 0.409512823327775, 0.01968267864684262, 0.009747095699630245]"
6,"[0.5785058894177003, 0.0046077850671672055, 0.389261474911481, 0.018409293933409253, 0.009215556670242668]"
7,"[0.5982234292225304, 0.0013013984177809876, 0.38876785680524467, 0.009105328598036694, 0.002601986956408056]"
