Timestep,Probs
1,"[0.23076923076923098, 0.1902834008097167, 0.20242914979757098, 0.18218623481781385, 0.19433198380566813]"
2,"[0.41223552948814024, 0.06124716038607011, 0.28977450093190515, 0.09388734172345246, 0.14285546747043198]"
3,"[0.5344038747665093, 0.03461868152632935, 0.3049228750069878, 0.05680884874036768, 0.06924571995980477]"
4,"[0.5572611039609642, 0.03600928949830831, 0.30106262329038, 0.07319935820000047, 0.03246762505034793]"
5,"[0.5163687188260415, 0.01269637062508051, 0.38297516791864394, 0.058749121060478436, 0.029210621569753875]"
6,"[0.49054282085691525, 0.004257875383031334, 0.39265052565304653, 0.07649838506357305, 0.036050393043433195]"
7,"[0.5235986049185248, 0.0013528539157398097, 0.43838053222326473, 0.02446310745861387, 0.012204901483857061]"
