Timestep,Probs
1,"[0.23504273504273465, 0.22649572649572614, 0.17521367521367504, 0.17521367521367504, 0.1880341880341878]"
2,"[0.4200643008801573, 0.13011276127665564, 0.2936734994816973, 0.07064137221798443, 0.08550806614350581]"
3,"[0.51147692129905, 0.027200493483291687, 0.38798376317617156, 0.03935851089388884, 0.03398031114759861]"
4,"[0.5684455079746106, 0.012761139050646334, 0.3584686435460705, 0.041183164205055946, 0.019141545223618297]"
5,"[0.5671724550511553, 0.023985434863940173, 0.33172918301749527, 0.067254441870953, 0.009858485196455841]"
6,"[0.5819852712287129, 0.009385485120768854, 0.380332547424536, 0.028191874259666825, 0.00010482196631503249]"
7,"[0.6174984652976327, 0.00528445514146004, 0.37187543053137834, 0.005312740101323615, 2.8908928205512992e-5]"
