Timestep,Probs
1,"[0.18828451882845199, 0.2050209205020922, 0.20083682008368214, 0.18828451882845199, 0.21757322175732235]"
2,"[0.3042540516942709, 0.311989735607664, 0.2720238078640042, 0.05457734515719455, 0.05715505967686623]"
3,"[0.33383972526078987, 0.2994740486368147, 0.3223436275655732, 0.028471952687443323, 0.01587064584937917]"
4,"[0.49653612018945587, 0.02070924033098749, 0.4775125766590591, 0.0038598896734568203, 0.001382173147041979]"
5,"[0.47782799788825703, 0.0007593188810051939, 0.5143871255523743, 0.006022216814642132, 0.00100334086372254]"
6,"[0.11818438735141164, 5.861975397256533e-5, 0.8804380506879672, 0.0012017026857926295, 0.0001172395208550859]"
7,"[0.007264993002242529, 5.8069583666794903e-8, 0.9927038300495603, 2.499284316974482e-5, 6.126035444121852e-6]"
