Timestep,Probs
1,"[0.2, 0.2, 0.2, 0.2, 0.2]"
2,"[0.24651816661468165, 0.17030738849833787, 0.16844815997504844, 0.2448397409625372, 0.16988654394939484]"
3,"[0.05826845778656356, 0.04954974128559042, 0.03698928489111762, 0.5638498159845085, 0.29134270005221996]"
4,"[0.025681555720292678, 0.06848488370211216, 0.020918330946062404, 0.20817259630845508, 0.6767426333230776]"
5,"[0.003869065042244245, 0.009792965284571622, 0.003349760923681678, 0.02368796248121519, 0.9593002462682874]"
6,"[0.0005149462234265331, 0.0013819282849942649, 0.00055378581151638, 0.00425213605859389, 0.993297203621469]"
7,"[6.114906150755263e-5, 0.0001411619261352037, 6.0491230932319634e-5, 0.00047492074893337944, 0.9992622770324915]"
