Timestep,Probs
1,"[0.2, 0.2, 0.2, 0.2, 0.2]"
2,"[0.2505221036228065, 0.1646303410640706, 0.16444796174084897, 0.2452573253374478, 0.17514226823482604]"
3,"[0.05934300371294904, 0.042373473197552226, 0.03570353465128394, 0.5578095175994892, 0.3047704708387256]"
4,"[0.02510967439388435, 0.053945193042206206, 0.020796347469636395, 0.210044146669739, 0.6901046384245341]"
5,"[0.0030666041679634206, 0.008339663235483461, 0.003245954095004737, 0.023808814906588104, 0.9615389635949603]"
6,"[0.0003988318033739908, 0.001127993576727982, 0.0005112791775045564, 0.004451436260516858, 0.9935104591818766]"
7,"[4.8041871623864335e-5, 0.00012300039009027148, 5.481610869040823e-5, 0.000475920124600901, 0.9992982215049945]"
