Timestep,Probs
1,"[0.2, 0.2, 0.2, 0.2, 0.2]"
2,"[0.14552480588485575, 0.15113080233793322, 0.13406786806724344, 0.28452864496252994, 0.2847478787474376]"
3,"[0.08175101576384891, 0.17660291395216351, 0.07907890687634651, 0.33106656030125203, 0.33150060310638896]"
4,"[0.0013512502072493223, 0.12147335070753996, 0.0013220286395839093, 0.4374777865640048, 0.43837558388162196]"
5,"[3.780837041256094e-5, 0.003465355057401785, 3.756238573247455e-5, 0.9840093764801987, 0.01244989770625452]"
6,"[5.447339843195336e-7, 4.685920998615418e-5, 5.028651703111188e-7, 0.9997866904710534, 0.0001654027198057969]"
7,"[4.339208734334944e-9, 6.508249844831279e-7, 7.013325020049956e-9, 0.9999970840976448, 2.2537248370402103e-6]"
