Timestep,Probs
1,"[0.14344262295081972, 0.266393442622951, 0.20081967213114765, 0.19672131147540994, 0.19262295081967223]"
2,"[0.21446390783944613, 0.40523681368131803, 0.23233587702943873, 0.06275983909834124, 0.08520356235145607]"
3,"[0.22259737928094483, 0.45538750177654275, 0.2747663652370018, 0.016117215514237324, 0.03113153819127144]"
4,"[0.4101553882028885, 0.04045833448026583, 0.46421265200270406, 0.030214865456862305, 0.05495875985728108]"
5,"[0.44290644849260025, 0.00021991857849794263, 0.47660168112335277, 0.02572925494908789, 0.05454269685646018]"
6,"[0.0800316698204221, 2.2891589244274554e-5, 0.8429148152783196, 0.002220487895109872, 0.07481013541690272]"
7,"[0.007025473642786728, 1.67580379429227e-6, 0.9885784923581822, 0.00012737241271338061, 0.004266985782522972]"
