Timestep,Probs
1,"[0.20392156862745128, 0.23137254901960824, 0.21960784313725526, 0.1254901960784314, 0.21960784313725526]"
2,"[0.21538422785004155, 0.26180787199302347, 0.19163441701967668, 0.11389999049321872, 0.21727349264404044]"
3,"[0.051680475732369544, 0.07626785144409565, 0.048933383516207574, 0.25049674462704147, 0.5726215446802861]"
4,"[0.004230240790680579, 0.051185490816371686, 0.004653120149460657, 0.026227263500137456, 0.9137038847433507]"
5,"[0.00019889190594767455, 0.003901761951854308, 0.0009028974379720939, 0.0015341640205277188, 0.9934622846836962]"
6,"[1.1283733986978364e-5, 0.0010021046137416538, 1.3582643115237666e-5, 8.129436486949792e-5, 0.9988917346442874]"
7,"[0.0007166047712867193, 6.917334793355629e-7, 0.00024579092839763776, 0.0002388670283748201, 0.998798045538465]"
