Timestep,Probs
1,"[0.18999999999999978, 0.20999999999999974, 0.22666666666666638, 0.19666666666666643, 0.17666666666666647]"
2,"[0.15254247073971447, 0.23728812298693, 0.08474604992262064, 0.2711862931685754, 0.25423706318215955]"
3,"[0.09799484101859285, 0.2866293955178863, 0.04203066713242863, 0.3146114823918002, 0.2587336139392925]"
4,"[0.008928589678528219, 0.2767856773740481, 0.00892857121308782, 0.3928571213301264, 0.3125000404042084]"
5,"[3.1166031392933764e-5, 0.02285162201540758, 3.1166024873619826e-5, 0.9769648447110714, 0.00012120121725363673]"
6,"[1.2239470786943015e-12, 4.8777471539583044e-9, 8.928049325458017e-11, 0.9999999873673412, 7.664403352436156e-9]"
7,"[3.2658487536812056e-22, 9.25664440504274e-15, 2.3515394230327314e-19, 0.999999999999994, 8.729267071879876e-18]"
