Timestep,Probs
1,"[0.18999999999999978, 0.2033333333333331, 0.20999999999999974, 0.17666666666666647, 0.21999999999999972]"
2,"[0.13586963797480292, 0.2391303237074096, 0.07065258595070703, 0.25543456821736815, 0.29891288414971195]"
3,"[0.09157716731828681, 0.2744536422472038, 0.0588435062827864, 0.2940561933569404, 0.2810694907947817]"
4,"[0.01739130237902687, 0.2869564542708158, 0.008695801883944717, 0.33913037634626475, 0.34782606511994596]"
5,"[7.215614589800943e-5, 0.026493331568826835, 3.607807304464001e-5, 0.9732060178064003, 0.00019241640583023828]"
6,"[1.2701565300496422e-11, 5.849885917777807e-9, 6.048251191471733e-7, 0.9999987830133931, 6.062989066225979e-7]"
7,"[2.698194981436323e-20, 1.2387991131735153e-15, 1.290113469404891e-13, 0.9999999999997433, 1.2920361097105096e-13]"
