Timestep,Probs
1,"[0.22348484848484837, 0.21212121212121202, 0.1666666666666666, 0.16287878787878782, 0.23484848484848472]"
2,"[0.23996786679203255, 0.2092030320793383, 0.1535578817953169, 0.1829855115756946, 0.21428570775761743]"
3,"[0.05975306321129145, 0.05549972520406566, 0.01948021088760653, 0.41525172315025816, 0.45001527754677734]"
4,"[0.01613720347354757, 0.04938880000997057, 0.012224911268833077, 0.04890046485992196, 0.8733486203877271]"
5,"[0.0017878615377298177, 0.0032556440493595883, 0.0009127859228168599, 0.0030006850633261225, 0.9910430234267696]"
6,"[0.00022951537270589456, 0.004590270709934407, 0.00045902707099515673, 0.00045969264224169666, 0.9942614942041278]"
7,"[1.4654358064516944e-5, 2.257677965459067e-5, 2.930871612856568e-5, 1.4696797137477015e-5, 0.9999187633490152]"
