Timestep,Probs
1,"[0.2404371584699456, 0.19398907103825155, 0.15573770491803293, 0.2295081967213117, 0.1803278688524592]"
2,"[0.5147613900782031, 0.06578057160828563, 0.3021864690619902, 0.05625592944986885, 0.061015639801651866]"
3,"[0.5636638715290397, 0.021700022996835027, 0.34964761093044044, 0.041553382812946654, 0.023435111730738065]"
4,"[0.5997757550117248, 0.007929443085703558, 0.37031165632446456, 0.016575330200528874, 0.005407815377578125]"
5,"[0.6202137087029642, 0.006310374026522654, 0.35258406160743994, 0.018745478259472134, 0.00214637740360207]"
6,"[0.6004223520203622, 0.007787437788841513, 0.3651561644721368, 0.025232259467030328, 0.0014017862516275945]"
7,"[0.6266386407028033, 0.002257174229322977, 0.3686113997171903, 0.00224367765574516, 0.00024910769493639406]"
