Timestep,Probs
1,"[0.2044887780548631, 0.19201995012468848, 0.2244389027431425, 0.17955112219451386, 0.19950124688279325]"
2,"[0.46579802454683844, 0.04433064976441045, 0.4012180680236214, 0.022164815624887785, 0.06648844204024276]"
3,"[0.5092202620670317, 0.017191366376809278, 0.45981045029268797, 0.006417714405448356, 0.007360206858022146]"
4,"[0.572682127483716, 0.004727009227403598, 0.40157785723358463, 0.014771166719041327, 0.006241839336253963]"
5,"[0.5595241311171937, 0.008631423372015412, 0.4136038998526386, 0.010821083020549306, 0.0074194626376044535]"
6,"[0.5819979372625773, 0.0016207764756666055, 0.4025617346016404, 0.004763697630050352, 0.009055854030067225]"
7,"[0.5980189307117909, 0.001198485281237213, 0.3998626157536845, 0.0003070880203039314, 0.0006128802329849702]"
