Timestep,Probs
1,"[0.2099447513812151, 0.2099447513812151, 0.19060773480662951, 0.17955801104972346, 0.2099447513812151]"
2,"[0.45732714160795473, 0.0498639647769444, 0.3911725792540738, 0.046983824292984186, 0.05465249006804166]"
3,"[0.4894548843146626, 0.01866701911622426, 0.4521116678734607, 0.02230018696944835, 0.017466241726203317]"
4,"[0.5309040269457362, 0.0053308953562358034, 0.4452639869954135, 0.01601353799318503, 0.0024875527094261702]"
5,"[0.4548922957198308, 0.0018499017030746702, 0.5252455839744442, 0.016210395869156298, 0.0018018227334947456]"
6,"[0.3514869377359338, 0.0071046138380019795, 0.6092619711286462, 0.021997284631926094, 0.010149192665491663]"
7,"[0.353707860244678, 0.0011890040178869543, 0.6410599023371045, 0.0033290644683051348, 0.0007141689320235503]"
