Timestep,Probs
1,"[0.19578313253012067, 0.1837349397590363, 0.20783132530120504, 0.21385542168674723, 0.19879518072289176]"
2,"[0.4306334293453056, 0.05548994318331568, 0.3775530981303765, 0.05308400589514034, 0.08323952344586241]"
3,"[0.48848295159596167, 0.01960145936130727, 0.42240655919349573, 0.002688836103821244, 0.06682019374541488]"
4,"[0.5468659711303173, 0.0024748782798357624, 0.4382230212870688, 0.0022273054032121765, 0.010208823899565624]"
5,"[0.5477789957134857, 0.0020857660879934612, 0.43289817934172264, 0.0025570640048883588, 0.014679994851910507]"
6,"[0.5614828006283699, 0.00203061136588621, 0.4085972928356062, 0.003211484758595914, 0.024677810411540626]"
7,"[0.6212902285347515, 0.0017797948195771673, 0.3679317574365603, 0.005833558672318159, 0.003164660536794051]"
