Timestep,Probs
1,"[0.24596774193548368, 0.2016129032258063, 0.17338709677419342, 0.1854838709677418, 0.19354838709677405]"
2,"[0.3603256017286077, 0.2793484255109754, 0.27892010750760576, 0.023993626331942155, 0.05741223892086877]"
3,"[0.36524228805448883, 0.281918241393231, 0.34742969797988366, 0.0012683795159975004, 0.004141393056398372]"
4,"[0.5279554921505506, 0.02264480102093872, 0.447684471307348, 0.0017152355211631429, 0.0]"
5,"[0.5281471137487178, 0.0013093513853823515, 0.47044917169158823, 9.436317431078554e-5, 0.0]"
6,"[0.0615447994688339, 0.0002663245223119676, 0.938176489015941, 1.2386992914510187e-5, 0.0]"
7,"[2.816188865361724e-6, 0.001458656463689187, 0.9980444861714503, 0.0004940411759989523, 0.0]"
