Timestep,Probs
1,"[0.17768595041322297, 0.22727272727272693, 0.21487603305785094, 0.21074380165289228, 0.16942148760330564]"
2,"[0.30195705462062794, 0.3340275157911424, 0.2869637355266013, 0.0329033408121283, 0.04414835324950027]"
3,"[0.33134004384857885, 0.35274321901360706, 0.30997324681285526, 0.0026456407080123544, 0.0032978496169468125]"
4,"[0.5035359391457475, 0.026507070589225572, 0.46864861343134406, 0.000161914128998172, 0.001146462704683902]"
5,"[0.514440439027637, 0.0006942939260178301, 0.4798057421878654, 0.00047083650177263546, 0.004588688356709263]"
6,"[0.10910890739609835, 0.0005417167228604031, 0.8800031043315009, 0.0005416896105140403, 0.009804581939025508]"
7,"[0.007981182946871952, 7.505270043223657e-5, 0.9911892875577814, 3.950140287501133e-5, 0.0007149753920377021]"
