Timestep,Probs
1,"[0.2347826086956523, 0.17826086956521747, 0.17826086956521747, 0.17391304347826095, 0.2347826086956523]"
2,"[0.24166405565917579, 0.1641790251921972, 0.18863119721685487, 0.15084168152008706, 0.25468404041168563]"
3,"[0.06802757677289518, 0.03671565826082224, 0.0444352916493607, 0.2634158514888756, 0.5874056218280459]"
4,"[0.0040517888312943855, 0.03609547516145779, 0.005524800699397065, 0.023204810625818664, 0.9311231246820352]"
5,"[0.00021278823631090267, 0.002074956330715892, 0.00034129531666611534, 0.002336404337109966, 0.9950345557791982]"
6,"[1.0039698958088863e-5, 0.00013218691893340112, 4.685137215094244e-5, 0.00010709935063581098, 0.9997038226593239]"
7,"[6.393039192462382e-7, 6.236130094505458e-6, 4.79755643287548e-6, 4.807570400899179e-5, 0.9999402513055441]"
