Timestep,Probs
1,"[0.23529411764705924, 0.21176470588235327, 0.18039215686274532, 0.1843137254901963, 0.1882352941176473]"
2,"[0.24281827766384187, 0.22195127339948828, 0.18238470593348072, 0.17669391547832966, 0.17615182752485944]"
3,"[0.05709882899341834, 0.053868409341312554, 0.05004348852747232, 0.4657039250607402, 0.37328534807705765]"
4,"[0.0057439931314843705, 0.008617365963779966, 0.005743802681364217, 0.06260886181408722, 0.9172859764092839]"
5,"[0.0004172912383796612, 0.0006022492856613526, 0.0012058832304306176, 0.00591336459856983, 0.9918612116469578]"
6,"[0.0, 1.0963941422302333e-11, 0.0, 0.0, 0.9999999999890337]"
7,"[0.0, 6.227032212554741e-25, 0.0, 0.0, 1.0000000000000016]"
