Timestep,Probs
1,"[0.20666666666666642, 0.21333333333333307, 0.1933333333333331, 0.20666666666666642, 0.1799999999999998]"
2,"[0.504670402462374, 0.1308410170413338, 0.2710287516512711, 0.02803857391657132, 0.06542125492845052]"
3,"[0.6309187054321699, 0.059536790788689835, 0.3095118425080201, 5.443176738712724e-6, 2.7218094381140902e-5]"
4,"[0.7123288297755134, 0.02739725598963511, 0.260273912957954, 6.365031425344519e-10, 6.403952105319206e-10]"
5,"[0.00906112977360199, 0.9880813656651838, 0.0028575032877611447, 6.367262587532447e-10, 6.367262587532515e-10]"
6,"[0.004484304897698962, 0.9955156949979663, 1.4289845383082414e-13, 1.0417297284266932e-10, 1.5877605981202867e-14]"
7,"[1.029129510803274e-6, 0.9999989708704905, 6.170883841985674e-23, 4.498574320807365e-20, 8.464861237291914e-26]"
