Timestep,Probs
1,"[0.18999999999999978, 0.243333333333333, 0.19666666666666643, 0.17333333333333314, 0.19666666666666643]"
2,"[0.4374986666152813, 0.09375256087179457, 0.4166639908228811, 0.03125136686906351, 0.020833414820979793]"
3,"[0.4999745986271607, 0.047640215429264325, 0.4404737712465076, 5.443144860897405e-6, 0.011905971552207085]"
4,"[0.5833333148883687, 0.013888890063405964, 0.4027777940801849, 3.226966981677385e-10, 6.453428551647515e-10]"
5,"[0.0025934594201180343, 5.0604324624040416e-5, 0.9973559358267668, 0.0, 4.2849232202243957e-10]"
6,"[0.004608605075095658, 7.804202452185037e-8, 0.9953913168828418, 0.0, 3.2633222184434136e-14]"
7,"[1.0384570190180394e-6, 1.3527969848441653e-12, 0.9999989615416243, 0.0, 1.1826806467381067e-25]"
