Timestep,Probs
1,"[0.2, 0.2, 0.2, 0.2, 0.2]"
2,"[0.1856113579833818, 0.17968676138196094, 0.12971983455248107, 0.271695306011874, 0.23328674007030228]"
3,"[0.17331208028435827, 0.15391365936698342, 0.10454872350573204, 0.3815340459399195, 0.18669149090300677]"
4,"[0.028029310780734843, 0.10769363526104306, 0.02339896236054448, 0.5968595808816488, 0.2440185107160289]"
5,"[0.003910664090994648, 0.018726852764394095, 0.004196772621877634, 0.9339503674800883, 0.03921534304264535]"
6,"[0.0009567167539168977, 0.00417530753402058, 0.0009080035396188509, 0.988533840101343, 0.0054261320711005865]"
7,"[0.00011994626921056415, 0.000495853322699246, 0.00011482989184583764, 0.9985779351361249, 0.0006914353801194159]"
