Timestep,Probs
1,"[0.21311475409836078, 0.18442622950819682, 0.18442622950819682, 0.2172131147540985, 0.20081967213114765]"
2,"[0.22335775314002573, 0.18372827378694495, 0.16811732886748385, 0.22905999344807387, 0.1957366507574728]"
3,"[0.030567773928706368, 0.045698188783261075, 0.02494501692876213, 0.44337912526803736, 0.4554098950912331]"
4,"[0.0004420927402777229, 0.03536684016912149, 0.001769633308544719, 0.04686205327998932, 0.9155593805020655]"
5,"[3.90455118208379e-5, 0.0023448916118623277, 0.00011928490020578843, 0.005527893288707851, 0.9919688846874046]"
6,"[1.0446186373989188e-10, 0.000466304974806375, 0.0004663049989472782, 1.9552876777499783e-9, 0.9990673879664986]"
7,"[3.363384634539912e-20, 1.402435553010183e-5, 1.434832240556926e-5, 3.974746173360399e-15, 0.9999716273220622]"
