Timestep,Probs
1,"[0.20746887966805003, 0.190871369294606, 0.17842323651452296, 0.199170124481328, 0.22406639004149406]"
2,"[0.20698760402559757, 0.1796829441748682, 0.1861420263828727, 0.20786839596812492, 0.2193190294485364]"
3,"[0.03167873320699991, 0.045574990800561814, 0.04667021871708471, 0.3615543021137655, 0.5145217551615877]"
4,"[0.002063154443088621, 0.040836189829157855, 0.003711293468759999, 0.058144196395553904, 0.8952451658634425]"
5,"[6.066471693291863e-5, 0.0023634118416148366, 0.0002109942605917424, 0.0031777923927743183, 0.9941871367880885]"
6,"[3.7753135005817455e-6, 0.0008286813084356227, 1.1326007942590389e-5, 0.00014726163247601434, 0.9990089557376456]"
7,"[2.674299120224212e-7, 0.000927580649834315, 6.014625488277452e-7, 9.110481733344065e-6, 0.9990624399759711]"
