Timestep,Probs
1,"[0.2274881516587675, 0.15876777251184818, 0.2274881516587675, 0.17772511848341213, 0.20853080568720356]"
2,"[0.1886341223924113, 0.18624626997163019, 0.12368686406009365, 0.252387648066234, 0.24904509550963175]"
3,"[0.14279068900571898, 0.2022936491741861, 0.09166169343578794, 0.2878738942189932, 0.2753800741653135]"
4,"[0.03233113508537748, 0.21071035011127534, 0.02750867068463158, 0.3590658821755613, 0.37038396194315415]"
5,"[0.0043917162384349544, 0.04392510849610045, 0.031638530973881834, 0.8656722691041501, 0.05437237518743253]"
6,"[0.0002814181094948547, 0.0033211612169266437, 0.0017464213851299825, 0.987248803273384, 0.007402196015065078]"
7,"[9.43344158305735e-14, 0.0002801049851639721, 0.00014045807021576033, 0.9995793913239582, 4.5620572252972085e-8]"
