Timestep,Probs
1,"[0.22023809523809498, 0.1845238095238094, 0.2440476190476187, 0.1845238095238094, 0.1666666666666666]"
2,"[0.21552136677305828, 0.17795362637850962, 0.23035125249550878, 0.19772596897592953, 0.17844778537699366]"
3,"[0.0767906399128154, 0.04575761317095932, 0.07085453666523345, 0.4177870818646595, 0.38881012838633133]"
4,"[0.011045759229949917, 0.02209124385715373, 0.011782238927123963, 0.10677599051478964, 0.8483047674709854]"
5,"[0.0016461721663704064, 0.001799220132519534, 0.0010503319004709266, 0.013610368044726241, 0.9818939077559129]"
6,"[3.5724821659546534e-12, 0.00034601326926225013, 1.014408516258744e-12, 6.510850108709118e-10, 0.9996539860750705]"
7,"[3.510414031472891e-21, 5.7673566780307334e-5, 3.891089560411549e-22, 2.0420515325382755e-16, 0.99994232643322]"
