Timestep,Probs
1,"[0.18232044198895012, 0.18784530386740314, 0.2209944751381213, 0.14917127071823197, 0.2596685082872925]"
2,"[0.15737673246739012, 0.1311489560955503, 0.13770496899114104, 0.27868699449603623, 0.29508234794988325]"
3,"[0.09099664224389001, 0.16174047561525234, 0.08562923139621145, 0.34167119893230563, 0.3199624518123412]"
4,"[0.02877742717325602, 0.165467872204297, 0.026379202540690837, 0.4508385122209962, 0.32853698586075947]"
5,"[0.01584329454881507, 0.08718053215658043, 0.007974953274456366, 0.7173569284529213, 0.17164429156722635]"
6,"[2.220356842132696e-9, 0.021483290821328375, 2.546497233691112e-10, 0.9260055178268152, 0.052511188876852424]"
7,"[8.759908844017602e-15, 0.002874397014455464, 3.0015443471562164e-19, 0.9789949212720274, 0.018130681713508113]"
