Timestep,Probs
1,"[0.23595505617977555, 0.17977528089887654, 0.21910112359550585, 0.17977528089887654, 0.18539325842696644]"
2,"[0.21554776604954898, 0.2402825603978966, 0.155477560350311, 0.1872792110675801, 0.20141290213466292]"
3,"[0.18799375604441879, 0.25766626242071095, 0.12039623343897324, 0.21686808037396835, 0.2170756677219285]"
4,"[0.05970089841734441, 0.25799255665768944, 0.0341266260874101, 0.2814469111764842, 0.366733007661072]"
5,"[0.03970317228250338, 0.1119070692795824, 0.01490082000397508, 0.634719575126063, 0.19876936330787628]"
6,"[0.002284437876388268, 0.020550256934032243, 2.3833771763532193e-10, 0.9132306898505086, 0.06393461510073443]"
7,"[3.206622046029949e-6, 0.010549877648516882, 1.135370394488975e-16, 0.96820438120641, 0.02124253452302755]"
