Timestep,Probs
1,"[0.16981132075471697, 0.230188679245283, 0.17358490566037735, 0.1811320754716981, 0.2452830188679245]"
2,"[0.12989056458620582, 0.28137692601030695, 0.034116162943685246, 0.24413138565743964, 0.31048496080236176]"
3,"[0.11373547772872997, 0.31604508655017255, 0.022433013408443836, 0.23128526170842342, 0.3165011606042316]"
4,"[0.006195849043790959, 0.36444178400459826, 0.0014439282903906416, 0.2848406267427518, 0.3430778119184693]"
5,"[0.0009858558903209729, 0.12253137044241935, 0.00025306457787176704, 0.8207260610405805, 0.05550364804880609]"
6,"[0.001800400337366056, 0.005401278450219063, 0.00025720014553039456, 0.9920266811561479, 0.0005144399107367491]"
7,"[9.443490731244646e-5, 0.0002516146486882608, 1.573155838204805e-5, 0.9996067557688506, 3.146311676906471e-5]"
