Timestep,Probs
1,"[0.22058823529411783, 0.22058823529411783, 0.17156862745098048, 0.2156862745098041, 0.17156862745098048]"
2,"[0.34233079542469064, 0.3202451781178017, 0.2650304683778531, 0.03926427247724906, 0.033129285602405835]"
3,"[0.3533221574400882, 0.35325758069596497, 0.28263891099244753, 0.00640523474904423, 0.004376116122455488]"
4,"[0.5251794855224732, 0.057560647042964666, 0.417259865909831, 0.0, 1.5247311108425841e-9]"
5,"[0.5677656735362173, 0.0063732355808681865, 0.42586109088291363, 0.0, 4.830780699062799e-16]"
6,"[0.11910969518207051, 0.0014325952511506177, 0.8794577095667792, 0.0, 2.542728199306422e-22]"
7,"[1.6487923053963633e-6, 0.0005693540166160937, 0.999428997058807, 0.0, 1.3226621708778688e-10]"
