Timestep,Probs
1,"[0.1799999999999998, 0.20999999999999974, 0.18999999999999978, 0.19666666666666643, 0.22333333333333305]"
2,"[0.3005780113079148, 0.3468207831150358, 0.300578010636511, 0.028901796884569633, 0.02312139805596895]"
3,"[0.3037949776467414, 0.36706100225213145, 0.3164342932102545, 0.006363062024676645, 0.006346664866195301]"
4,"[0.4897953631231262, 1.1136468428798435e-6, 0.5102034824463442, 3.841029260758807e-8, 2.3733942852401042e-9]"
5,"[0.4948445832057052, 1.7148671614255753e-10, 0.5051554166224388, 3.650225346094916e-13, 4.10586439130394e-15]"
6,"[0.057703972156486094, 1.6818841916649801e-15, 0.9422960278435096, 1.4255384417515638e-20, 1.7577810231477323e-22]"
7,"[0.019640551824183207, 1.640866103054681e-9, 0.980359445710511, 8.243708734641545e-10, 6.325198801558387e-14]"
