Timestep,Probs
1,"[0.2299999999999997, 0.19666666666666643, 0.16999999999999982, 0.19999999999999976, 0.2033333333333331]"
2,"[0.36842102451036157, 0.33333330566495345, 0.2631578728647838, 0.02339187922130618, 0.011695917738594993]"
3,"[0.3797446742836731, 0.3544127363836727, 0.26582136845708076, 1.929170506461186e-5, 1.929170507244665e-6]"
4,"[0.5882346882200955, 0.009804909085697951, 0.40196036557049986, 3.689564524811286e-8, 2.2806288295033908e-10]"
5,"[0.5940513376540217, 1.3581573951706672e-5, 0.4059350807208786, 5.1111677920156215e-11, 3.5488810898162375e-14]"
6,"[0.06819760866831959, 1.092860069226713e-14, 0.9318023913316699, 2.72550698346196e-18, 1.3627765700810238e-18]"
7,"[4.2065688050371484e-5, 2.787536213627362e-10, 0.999957933929613, 1.0451667559096636e-11, 9.313502677209343e-11]"
