Timestep,Probs
1,"[0.18750000000000003, 0.21484375000000003, 0.18750000000000003, 0.19531250000000003, 0.21484375000000003]"
2,"[0.19897838077822788, 0.19412526574966635, 0.18441893321112687, 0.20868438354983335, 0.21379303671114602]"
3,"[0.0217629015516049, 0.035395568780163665, 0.037543266397646394, 0.42522898255979974, 0.4800692807107852]"
4,"[0.002328921914397597, 0.009222213067117537, 0.004378225829377453, 0.042478954442045, 0.9415916847470609]"
5,"[0.00024187436447475454, 0.00048374754671702156, 0.00025518167083767864, 2.1351649831013946e-10, 0.9990191962044608]"
6,"[1.553869806008847e-5, 2.3456016547446476e-9, 1.5538698064746963e-5, 2.7581191370237077e-17, 0.9999689202582759]"
7,"[9.57729221425497e-7, 2.8714972794767974e-15, 9.57729221425498e-7, 1.2007174955458372e-22, 0.999998084541557]"
