Timestep,Probs
1,"[0.21576763485477204, 0.2365145228215771, 0.16182572614107893, 0.22406639004149406, 0.16182572614107893]"
2,"[0.21759495972602247, 0.228006363930231, 0.16840185727491433, 0.2324310551854957, 0.1535657638833357]"
3,"[0.027064743736965696, 0.027903695786048177, 0.02312124397804668, 0.5703716412823734, 0.3515386752165657]"
4,"[0.0010758459377062561, 0.025820233492462298, 0.00268978501442902, 0.07100880230404116, 0.8994053332513624]"
5,"[7.25076195107451e-5, 0.014138985804479424, 0.00014512023018316283, 0.004033143483168698, 0.9816102428626591]"
6,"[4.774543312464869e-6, 0.0009262616681495981, 4.777786589359275e-6, 0.00022686066923234007, 0.9988373253327165]"
7,"[0.0005147993851032139, 0.002324052291629888, 0.0005155539940050632, 0.0037319063827068013, 0.9929136879465593]"
