Timestep,Probs
1,"[0.2438016528925616, 0.15289256198347098, 0.19834710743801628, 0.1859504132231403, 0.2190082644628096]"
2,"[0.485163661643891, 0.0397540848320248, 0.33249139711316705, 0.05804475580061696, 0.08454610061030028]"
3,"[0.5679146976293671, 0.007724706340486722, 0.38719445269248104, 0.012295685148375523, 0.0248704581892894]"
4,"[0.6339152146584912, 0.0055652414111055275, 0.2935409559401489, 0.04579698864865007, 0.021181599341604056]"
5,"[0.6694445264758204, 0.00586329648810888, 0.2734485643259664, 0.028147039123277394, 0.023096573586826655]"
6,"[0.5683288517908169, 0.000706554081542832, 0.3468608248257863, 0.06251961832356233, 0.02158415097829159]"
7,"[0.5944174052123558, 2.939570579546242e-5, 0.39971711060202814, 0.004632722536677445, 0.0012033659431432342]"
