Timestep,Probs
1,"[0.20881670533642743, 0.1786542923433878, 0.22041763341067344, 0.20649651972157823, 0.18561484918793542]"
2,"[0.13428580783764055, 0.23550673578860443, 0.08876816071188813, 0.2857784187646013, 0.25566087689726635]"
3,"[0.0875638798104983, 0.27898152086612604, 0.0386476352383553, 0.32144199766859965, 0.2733649664164211]"
4,"[0.0055165313980479035, 0.2608887229789432, 0.002943473784328374, 0.40375170331370946, 0.3268995685249702]"
5,"[0.002558563933136543, 0.07425449111695491, 0.0028780397185365495, 0.8865804868077741, 0.03372841842359687]"
6,"[0.0001804428875444534, 0.004174149927419014, 0.00018044369368407133, 0.993389661366413, 0.0020753021249370314]"
7,"[0.00026103340281840627, 0.00013051670140871532, 0.00013051670211992, 0.9994779238611544, 9.332506617771861e-9]"
