Timestep,Probs
1,"[0.20000000000000015, 0.17000000000000012, 0.19400000000000014, 0.22000000000000017, 0.21600000000000016]"
2,"[0.14695341181748622, 0.19354835175807644, 0.057347818150686805, 0.32616491455373103, 0.27598550372001956]"
3,"[0.07770060587085678, 0.22408748344520293, 0.03452046696956694, 0.366312989487255, 0.29737845422711884]"
4,"[4.271889965199455e-8, 0.21505372729758565, 0.016129130344100708, 0.4247311336847656, 0.34408596595464946]"
5,"[3.926800481453201e-11, 0.01363765507941623, 2.2647072579701013e-5, 0.9861749918290307, 0.00016470597970556924]"
6,"[5.46377737303088e-11, 2.9283842424745162e-9, 5.447486407425969e-11, 0.9999999950199842, 1.942528262817572e-9]"
7,"[1.783873512520963e-20, 6.319779589608664e-16, 1.4468331336722018e-19, 1.000000000000008, 2.238077768331264e-16]"
