Timestep,Probs
1,"[0.20612813370473576, 0.17270194986072446, 0.2144846796657386, 0.2144846796657386, 0.19220055710306438]"
2,"[0.38821096919752623, 0.04254137666362179, 0.4405557081711432, 0.06544093946761856, 0.06325100650009029]"
3,"[0.4418406925631409, 0.007530497374868625, 0.48767534399091866, 0.011520600162650352, 0.05143286590841984]"
4,"[0.45059159612336824, 0.00047346260697623795, 0.5176330957913164, 0.011420122780083156, 0.019881722698257828]"
5,"[0.4394785213724115, 0.0006412120415904376, 0.5287317107230525, 0.010169831296471204, 0.020978724566474764]"
6,"[0.4100333466451359, 0.0005835986065367303, 0.5620919643717982, 0.011644032320878118, 0.015647058055653848]"
7,"[0.42728199115404825, 0.0017352020996792828, 0.5669801128293489, 0.0017363917777736232, 0.002266302139152029]"
