Timestep,Probs
1,"[0.1857142857142856, 0.2119047619047617, 0.2047619047619046, 0.24285714285714255, 0.15476190476190477]"
2,"[0.4375473365174999, 0.046517092855578035, 0.44013252111052, 0.044362648047403835, 0.03144040146899751]"
3,"[0.5128145771409052, 0.0021302178675326276, 0.4489860302808889, 0.008793879319419459, 0.027275295391254856]"
4,"[0.5303164167868295, 0.0003915623269723175, 0.46329347728944265, 0.005085779145032812, 0.0009127644517208194]"
5,"[0.5259923105266208, 0.003216592834786482, 0.46687709796761007, 0.0030718495489647853, 0.0008421491220179496]"
6,"[0.5031544198349496, 0.00043345059293527775, 0.49140973199169247, 0.004118408244871986, 0.0008839893355523508]"
7,"[0.5133920527997582, 1.9126225487400032e-5, 0.48614968500299344, 0.0003623491178545703, 7.678685390586589e-5]"
