Timestep,Probs
1,"[0.1919770773638966, 0.1805157593123207, 0.22063037249283637, 0.17478510028653274, 0.23209169054441228]"
2,"[0.4095247446035583, 0.04524233686117902, 0.42175581577369864, 0.05501508810291263, 0.06846201465865072]"
3,"[0.4737980609383597, 0.0028497835945898073, 0.49044143868788126, 0.003699318276283061, 0.029211398502887193]"
4,"[0.5020126242992543, 0.0003833610313986602, 0.49287560430796695, 0.001853018366083149, 0.0028753919952990512]"
5,"[0.5108002738534999, 0.0003642719446986099, 0.4838739193147142, 0.0017716641852083782, 0.0031898707018788264]"
6,"[0.4848228699060035, 0.00031169715724431495, 0.5075231200913878, 0.0017316452814470234, 0.00561066756391832]"
7,"[0.4712856501560138, 0.00394180115048267, 0.5230224290409001, 0.0008747630872314964, 0.0008753565653713154]"
