Timestep,Probs
1,"[0.16863905325443773, 0.2130177514792896, 0.22189349112426, 0.2159763313609464, 0.1804733727810649]"
2,"[0.305805451528086, 0.06163492597846689, 0.5302157948879532, 0.060473835935397686, 0.0418699916700962]"
3,"[0.35598587803893483, 0.0038036975200995767, 0.6223042465910154, 0.0068858663187778045, 0.011020311531176833]"
4,"[0.34823923730161976, 0.0009552306134447999, 0.6410144127366992, 0.008119472816426386, 0.0016716465318109268]"
5,"[0.3587677260560722, 0.0009647422514024311, 0.6291769640990919, 0.00948339869804439, 0.001607168895389336]"
6,"[0.39806735257317105, 0.0013931278301293145, 0.5839291056828665, 0.015186371156421958, 0.0014240427574112105]"
7,"[0.4718764098308877, 0.0004759611079083207, 0.521899138087938, 0.004324734631052902, 0.0014237563422144352]"
