Timestep,Probs
1,"[0.2018779342723006, 0.19248826291079824, 0.18779342723004705, 0.17840375586854468, 0.2394366197183101]"
2,"[0.19965977151836709, 0.20989721113860313, 0.14931733905805536, 0.18515352342304658, 0.2559721548619282]"
3,"[0.03786853155316837, 0.053751282169024826, 0.025261147755655262, 0.3621927211406865, 0.5209263173814642]"
4,"[0.0034617613856775388, 0.004615156437198131, 0.0034617589712049547, 0.08535272375810168, 0.9031085994478184]"
5,"[0.0004464792514619336, 0.0006659145211234151, 2.4990393637968514e-5, 0.01023916280740537, 0.9886234530263709]"
6,"[8.27109346096891e-7, 0.0006027697752923317, 1.2742205648971489e-9, 2.8004847580157288e-11, 0.9993964018131346]"
7,"[2.436733952127383e-12, 1.5987438191239486e-8, 3.714539500750113e-16, 9.170287518854958e-18, 0.9999999840101196]"
