Timestep,Probs
1,"[0.21176470588235327, 0.15686274509803935, 0.23921568627451023, 0.16470588235294134, 0.22745098039215725]"
2,"[0.22495899178111556, 0.15216195570252872, 0.20087591175253022, 0.1721400430148432, 0.24986309774898283]"
3,"[0.04338692556879747, 0.030134679235074815, 0.05622472550860857, 0.41903545388460767, 0.4512182158029109]"
4,"[0.0029283752654474457, 0.03025821683103185, 0.01660593694323496, 0.04782883598699951, 0.9023786349732852]"
5,"[0.0001496047863066943, 0.002228921267836103, 0.00037294851239558517, 0.0037039542281581813, 0.9935445712053026]"
6,"[6.826109040022261e-6, 9.09351416254186e-5, 1.5912399257795058e-5, 0.00036383494750185286, 0.9995224914025752]"
7,"[0.00024309851029654978, 0.0004861979955535411, 0.000741969258627578, 0.000730025602794579, 0.997798708632727]"
