Timestep,Probs
1,"[0.2, 0.2, 0.2, 0.2, 0.2]"
2,"[0.24240695080624475, 0.1697138765128806, 0.17583229306769405, 0.24176488919089165, 0.17028199042228903]"
3,"[0.05701160984589855, 0.05027650717677204, 0.03791790305071234, 0.552375374592293, 0.302418605334324]"
4,"[0.024167290840881178, 0.07341979061864856, 0.021270170975863475, 0.20241915403672497, 0.6787235935278818]"
5,"[0.0032212100113926632, 0.01046618008843753, 0.0034654301985655093, 0.0231297335418523, 0.959717446159752]"
6,"[0.00038305569024717884, 0.0013147070801354252, 0.0005699338337805107, 0.003769258803963409, 0.9939630445918735]"
7,"[4.930367460083095e-5, 0.0001562741474334911, 6.11838875836957e-5, 0.00044594009193725705, 0.9992872981984448]"
