Timestep,Probs
1,"[0.2539682539682535, 0.1428571428571428, 0.1944444444444442, 0.17460317460317443, 0.23412698412698374]"
2,"[0.35813735528929114, 0.23237574371693862, 0.31549167143112683, 0.047432789002618464, 0.046562440560024676]"
3,"[0.4361968930428722, 0.20830747422727272, 0.3111076146009392, 0.027796031343249476, 0.01659198678566782]"
4,"[0.5214682335355257, 0.013482891259461305, 0.40602357988179283, 0.03861469129918141, 0.020410604024038475]"
5,"[0.5153895971268992, 0.0007457876988004955, 0.4271668559817834, 0.037387640716662104, 0.01931011847585721]"
6,"[0.1434405423062282, 8.326613345962967e-5, 0.8115957455165492, 0.004246572809018263, 0.04063387323474362]"
7,"[0.010000987306624028, 4.353995777850208e-6, 0.9873035108922296, 0.00028924239418237174, 0.002401905411185534]"
