Timestep,Probs
1,"[0.18713450292397663, 0.23391812865497078, 0.20467836257309943, 0.152046783625731, 0.22222222222222224]"
2,"[0.20280365787866247, 0.22710275936804547, 0.2028038038402092, 0.13971952405513013, 0.22757025485795243]"
3,"[0.06652449475967531, 0.08923880157866564, 0.04987639191982913, 0.29896027333193714, 0.4954000384098931]"
4,"[0.00828883614633881, 0.06276741223847049, 0.0035525385661628623, 0.06157493381563728, 0.8638162792333904]"
5,"[0.001201652296343025, 0.0071093829910743155, 0.0003732695785164696, 0.009534666156204267, 0.9817810289778625]"
6,"[0.0011454622873685028, 0.0011459916808312684, 0.0007636477304755063, 0.0003828690158465522, 0.9965620292854727]"
7,"[0.00013067102750749675, 0.00012987927691975105, 6.573635870293393e-5, 6.493468540233328e-5, 0.999608778651472]"
