Timestep,Probs
1,"[0.2281690140845068, 0.1915492957746477, 0.1943661971830984, 0.15774647887323928, 0.2281690140845068]"
2,"[0.2615529334391404, 0.20152458916249857, 0.1657933495298948, 0.14197244631126138, 0.22915668155720584]"
3,"[0.08829210666113274, 0.08344153552727114, 0.044060016445047964, 0.28782032758074466, 0.4963860137858033]"
4,"[0.0071076763569807395, 0.08201202136228183, 0.0032805073322520325, 0.05303458678295652, 0.8545652081655275]"
5,"[0.0009032444631532883, 0.009466267407912862, 0.0004461918080620275, 0.0069970310578470985, 0.9821872652630247]"
6,"[0.0007567093317113768, 0.00037835252723307446, 0.0007572282702660258, 0.0003783525865986268, 0.9977293572841868]"
7,"[5.8775952299731224e-5, 8.061316433536448e-8, 5.8847609809127904e-5, 5.876699526693489e-5, 0.9998235288294655]"
