Timestep,Probs
1,"[0.20600000000000016, 0.20600000000000016, 0.18600000000000014, 0.22200000000000017, 0.18000000000000013]"
2,"[0.5088755211999498, 0.02366879757431396, 0.4023666663524359, 0.017751612717017723, 0.04733740215628375]"
3,"[0.5413917330109966, 0.012740547735230517, 0.4267442774802295, 0.006371244650053797, 0.012752197123488561]"
4,"[0.5666666660316294, 3.0976490764084225e-10, 0.4200000001888918, 0.006666666657374217, 0.006666666812341453]"
5,"[0.4670329670333836, 3.504202768708058e-13, 0.4340659340680227, 0.049450549449091934, 0.04945054944915033]"
6,"[0.49483403481308746, 1.6061644116088897e-5, 0.505149376924413, 4.727296821019947e-7, 5.3888702875097026e-8]"
7,"[0.005032198298776682, 6.87752435484445e-8, 0.9949677329236304, 2.330987302576427e-12, 1.4378948405201258e-14]"
