Timestep,Probs
1,"[0.21000000000000016, 0.22600000000000017, 0.17800000000000013, 0.18400000000000014, 0.20200000000000015]"
2,"[0.5151512109272188, 0.030303277161290262, 0.4121209527760474, 0.012121317453546703, 0.030303241681894973]"
3,"[0.5413970691643373, 0.02547847993135924, 0.4267492488572192, 1.941587614766882e-6, 0.006373260459470022]"
4,"[0.5599999995477607, 0.006666667124050935, 0.4333333331733108, 5.832541476804542e-16, 1.5487634828752563e-10]"
5,"[0.5599999999993666, 0.006666666667293917, 0.4333333333331271, 4.468229071043808e-20, 2.1247519416063542e-13]"
6,"[0.9999999520879753, 7.259394368858453e-10, 4.718608661813897e-8, 3.5258957844252564e-24, 3.52643183045666e-23]"
7,"[0.9993958550965303, 2.839272526334904e-5, 0.0005757411025560663, 2.41900587314101e-10, 1.0833749479975268e-8]"
