Timestep,Probs
1,"[0.23800000000000018, 0.19800000000000015, 0.20400000000000015, 0.18400000000000014, 0.17600000000000013]"
2,"[0.5161282627182386, 0.08064636507643634, 0.33333156107957207, 0.01612982177699112, 0.05376398934876238]"
3,"[0.5827886893182463, 0.0306973500226479, 0.3619521535730673, 0.006136477962077007, 0.01842532912396176]"
4,"[0.6527777584075196, 1.3873889981258975e-8, 0.3402777692869096, 0.006944444396269166, 1.4035411012910385e-8]"
5,"[0.6184210515440237, 3.0650437517261623e-10, 0.3223684204955787, 0.059210526227015205, 1.4268816382935754e-9]"
6,"[0.951593075062944, 5.529988813303643e-7, 0.048405452528828316, 8.849407928364649e-7, 3.446855527146057e-8]"
7,"[0.9380884359573841, 4.891344593399576e-9, 0.06191155431957224, 0.0, 4.831694049577629e-9]"
