Timestep,Probs
1,"[0.19600000000000015, 0.16800000000000012, 0.17000000000000012, 0.21600000000000016, 0.25000000000000017]"
2,"[0.35655722239684073, 0.2950818097435791, 0.2991801616059203, 0.024590225993892635, 0.024590580259767632]"
3,"[0.3783662625466493, 0.3062897313018576, 0.3062849257879988, 0.004535032196939322, 0.0045240481665562715]"
4,"[0.5646247946690498, 1.8491209374633336e-6, 0.42176792653517586, 0.006802721160600124, 0.006802708514238376]"
5,"[0.5684925571278654, 1.2792909239181331e-10, 0.4178088268921218, 0.0068493079348823545, 0.006849307917203129]"
6,"[0.11595571151298341, 2.5345662645782816e-15, 0.8695517588419236, 3.3666976274052826e-10, 0.014492529308420038]"
7,"[0.00012790807299751692, 6.356442787277741e-10, 0.9998484447619032, 2.8250856832346157e-12, 2.36465266247698e-5]"
