Timestep,Probs
1,"[0.20600000000000016, 0.17600000000000013, 0.22400000000000017, 0.18000000000000013, 0.21400000000000016]"
2,"[0.3420072087837167, 0.2862452480742114, 0.3420074589655013, 0.014870126331410584, 0.01486995784516207]"
3,"[0.3594909254362133, 0.2768566806081049, 0.35123348369781515, 0.008275075094150961, 0.004143835163714634]"
4,"[0.5153370188808057, 7.631885454402953e-7, 0.47852721666384357, 0.006134976896081535, 2.437072479065822e-8]"
5,"[0.5157229689322287, 1.1904891061479604e-10, 0.47798784330042476, 0.006289187615828191, 3.246725990513207e-11]"
6,"[0.06330318245455753, 1.660434042103027e-15, 0.9366968172513401, 2.940540395183528e-10, 4.481923770634734e-14]"
7,"[4.6460330334632456e-5, 7.510378884222565e-10, 0.9999535389112537, 6.6229090689793905e-12, 7.549571243239906e-13]"
