Timestep,Probs
1,"[0.2042253521126764, 0.18075117370892047, 0.21361502347417877, 0.2042253521126764, 0.19718309859154962]"
2,"[0.2090075598372128, 0.1755804712323402, 0.2104148582532347, 0.20285095651645266, 0.20214615416075887]"
3,"[0.04778672513760367, 0.042737336616247186, 0.031224549956880027, 0.4497524903403414, 0.4284988979489269]"
4,"[0.004851513299440086, 0.016979943263564803, 0.0033353484250295135, 0.05306384070270776, 0.9217693543092619]"
5,"[0.000287224607442447, 0.009017882941412807, 0.0002074026489966724, 0.00499236477184247, 0.9854951250303031]"
6,"[4.294939841541133e-8, 0.0009340742156182869, 0.002669166858821443, 5.367916253966618e-10, 0.996396715439365]"
7,"[9.483178688170617e-13, 5.498353246798308e-5, 4.591773134900943e-6, 1.9829698031539854e-18, 0.9999404246934477]"
