Timestep,Probs
1,"[0.19506172839506147, 0.21234567901234538, 0.18518518518518495, 0.20987654320987625, 0.1975308641975306]"
2,"[0.21101927420538014, 0.21551688462418303, 0.156671362546381, 0.20483619117429985, 0.21195628744975517]"
3,"[0.05941062677866843, 0.02909298657292667, 0.020538184130447723, 0.4050596195391706, 0.4858985829787883]"
4,"[0.005442129679355985, 0.011701441801575074, 0.002176856111507047, 0.0628575096236824, 0.9178220627838782]"
5,"[0.0002625601194287138, 0.0008829873563260849, 0.00010829093312985352, 0.005797127173687028, 0.99294903441743]"
6,"[1.4089349205955814e-5, 9.232474853598865e-5, 3.4426295534030576e-5, 0.0010985769927048022, 0.9987605826140199]"
7,"[5.0322319173967e-9, 0.0002818681622129439, 0.00014439873776901944, 0.002955351654987957, 0.9966183764128032]"
