Timestep,Probs
1,"[0.2, 0.2, 0.2, 0.2, 0.2]"
2,"[0.4322675853659712, 0.05578596918480747, 0.3409482303782724, 0.04150817628571428, 0.12949003878523468]"
3,"[0.5318679652682983, 0.014576545555962175, 0.4203411062345412, 0.021037869298847656, 0.012176513642350718]"
4,"[0.6234410363804608, 0.0017873147456653933, 0.34798176648031104, 0.0228483349980353, 0.003941547395527484]"
5,"[0.6196559459185622, 0.007618515111051697, 0.33750455625802184, 0.02504354607891156, 0.010177436633452693]"
6,"[0.6379961345646258, 0.0007461591367928725, 0.34665598013324644, 0.012746071420161155, 0.0018556547451737185]"
7,"[0.649394965139299, 3.9683659121976704e-5, 0.34965757658444463, 0.0007825114000518972, 0.00012526321708252586]"
