Timestep,Probs
1,"[0.17716535433070846, 0.20866141732283439, 0.21259842519685013, 0.23228346456692883, 0.16929133858267698]"
2,"[0.40774363273758557, 0.10774688335893393, 0.3612656083822602, 0.08521214741915001, 0.038031728102070395]"
3,"[0.5079668848279686, 0.0300877792095898, 0.4191470715649894, 0.03731359032443054, 0.005484674073020545]"
4,"[0.5156039621680678, 0.03645449253453342, 0.41672063916936253, 0.03099240472984016, 0.00022850139819324456]"
5,"[0.5359349434801118, 0.037807892111600884, 0.3949310484063887, 0.03105807926858678, 0.0002680367333135369]"
6,"[0.5600456544465956, 0.03647709533189171, 0.38780062076432975, 0.015312444155873555, 0.0003641853013115066]"
7,"[0.6160080048768178, 0.012996897818275191, 0.3698035387249308, 0.0011638771551790682, 2.7681424798475077e-5]"
