Timestep,Probs
1,"[0.20833333333333348, 0.20238095238095252, 0.2202380952380954, 0.20238095238095252, 0.16666666666666677]"
2,"[0.1106554740811219, 0.2704917079316767, 0.10246020929552924, 0.31557249456024655, 0.20082011413142548]"
3,"[0.11940326129479517, 0.23907183732243126, 0.07086822307049509, 0.36494776478825036, 0.20570891352402895]"
4,"[0.044863122682387964, 0.24312587073555972, 0.028943494124759415, 0.5151937747679272, 0.16787373768936592]"
5,"[0.01700145470159141, 0.09198946152444169, 0.006883456987969149, 0.8159681125896414, 0.06815751419635624]"
6,"[0.00340227376188591, 0.027210900469716418, 2.5604391599223153e-8, 0.952377505577364, 0.0170092945866417]"
7,"[1.925310845987764e-11, 1.5594196242021465e-9, 1.0231371433219454e-5, 0.9999886269387401, 1.14011115326046e-6]"
