Scenario,Corrolation
1_1,0.965294754684169
1_2,0.9780661645096934
1_3,0.9929961342754969
1_4,0.9403285768659122
2_1,0.6965732643825755
2_2,0.07775442145884966
2_3,-0.3902035957234254
2_4,0.38007290862490506
3_1,0.9787869061892737
3_2,0.9550041353081565
3_3,0.8575263251365618
3_4,0.9860646217202896
4_1,0.8710884569533833
4_2,0.9507951802671432
4_3,0.9779051043292594
4_4,0.9663949021415729
