Timestep,Probs
1,"[0.19411764705882353, 0.1764705882352941, 0.2058823529411765, 0.2294117647058824, 0.19411764705882353]"
2,"[0.18475050940782994, 0.19061558641469334, 0.18181857176343305, 0.17302095134816628, 0.26979438106587794]"
3,"[0.07602803894736347, 0.1378461477391893, 0.09657557469202642, 0.4686635061642828, 0.2208867324571373]"
4,"[0.03463316925425183, 0.15151535427564367, 0.051948136451575165, 0.29437308378272214, 0.46753025623580763]"
5,"[0.013987654513490983, 0.04901135607124363, 0.01400872311586613, 0.1400368085989403, 0.7829554577004582]"
6,"[0.0038116710699574114, 0.026667684958767156, 0.007619887191077599, 0.03238996462805696, 0.9295107921521385]"
7,"[0.0012516244453510302, 0.008812012085022554, 0.003752657550567528, 0.0050283421607891085, 0.9811553637582682]"
