Timestep,Probs
1,"[0.20325203252032503, 0.20325203252032503, 0.20325203252032503, 0.22764227642276402, 0.16260162601626005]"
2,"[0.13521253053307047, 0.2528595991565585, 0.07720611957106707, 0.33660112138982295, 0.19812062934948102]"
3,"[0.08125501614659893, 0.2576676480251627, 0.04927117156486327, 0.3910510479479837, 0.22075511631539094]"
4,"[0.005969567450103758, 0.29543806325728167, 0.023987765655332415, 0.46045709352038666, 0.21414751011689628]"
5,"[0.0014001967490442188, 0.07270263717809418, 0.0041871005729306075, 0.9015952308018552, 0.02011483469807821]"
6,"[0.0001004173895993597, 0.0056235737906381675, 0.00030125216836865957, 0.9928026351117848, 0.001172121539610533]"
7,"[6.812247081089361e-6, 0.0019948670803813244, 1.5908394913493516e-5, 0.997799528511366, 0.00018288376625814074]"
