Timestep,Probs
1,"[0.20000000000000015, 0.19200000000000014, 0.19200000000000014, 0.19400000000000014, 0.22200000000000017]"
2,"[0.5081943436007464, 0.03278777555765115, 0.41530028314036055, 0.010929850705637248, 0.03278774699560513]"
3,"[0.5406885710284681, 0.011631255699022893, 0.44185302581679053, 0.005814741727739185, 1.2405727980079837e-5]"
4,"[0.5602409632280458, 4.198746932361617e-10, 0.4397590360719522, 1.401375473994393e-10, 1.399908746318108e-10]"
5,"[0.5109890109740624, 1.453251551387311e-11, 0.48901098899720863, 1.950780242931373e-14, 1.4182311737518738e-11]"
6,"[0.4418502296212565, 1.5790175138205496e-6, 0.5581481552791941, 3.842150581905563e-9, 3.223987987077553e-8]"
7,"[0.04446823178497104, 1.1132953545856644e-5, 0.9555206343634146, 2.1849004737773443e-11, 8.762155706451678e-10]"
