Timestep,Probs
1,"[0.1843971631205676, 0.20330969267139504, 0.1843971631205676, 0.21985815602836906, 0.2080378250591019]"
2,"[0.15719423628981946, 0.22733380057601746, 0.07059239238251624, 0.2764991678641439, 0.2683804028875029]"
3,"[0.11817369572556741, 0.2615979394079979, 0.025859755982939825, 0.32703430947171275, 0.26733429941178255]"
4,"[0.009287525744277781, 0.24223733833862793, 0.001634977648261315, 0.4324318084668537, 0.3144083498019795]"
5,"[0.0005760999017269593, 0.045030460322156574, 0.0014404396450743784, 0.9194639740488996, 0.033489026082142284]"
6,"[1.4967244980532298e-9, 0.0030328622532396305, 5.651065410316823e-5, 0.9949326005437436, 0.001978025052191634]"
7,"[3.958066437313101e-16, 0.0003078522510803762, 2.633282418910222e-5, 0.999561727296842, 0.00010408762788662943]"
