Timestep,Probs
1,"[0.18032786885245916, 0.22014051522248262, 0.18735362997658095, 0.18032786885245916, 0.23185011709601894]"
2,"[0.13546812719939144, 0.23466187471804184, 0.07971369929933625, 0.27362262907601104, 0.2765336697072195]"
3,"[0.06831224800929016, 0.28534294006860617, 0.0542649504990644, 0.33599398856489276, 0.2560858728581475]"
4,"[0.00546110224139778, 0.25405224605124566, 0.0042143009558766095, 0.4403918183221446, 0.295880532429337]"
5,"[0.0026497370340899554, 0.03631934828048931, 0.0006784886376677044, 0.9257702823901358, 0.03458214365762065]"
6,"[0.00012688276793073404, 0.0035741336146653496, 4.229375218785444e-5, 0.9940359943481661, 0.0022206955170483616]"
7,"[6.922132693316728e-6, 0.0012875125760470794, 2.768674387219875e-6, 0.9985802848183296, 0.00012251179854419665]"
