Timestep,Probs
1,"[0.16546762589928063, 0.17985611510791374, 0.21582733812949653, 0.2374100719424462, 0.20143884892086342]"
2,"[0.2588229254918508, 0.23529409202126433, 0.3294106836253167, 0.09411791163791645, 0.08235438722365142]"
3,"[0.3255419034335914, 0.2867732202809651, 0.36433579438144154, 0.015553195173487497, 0.007795886730513794]"
4,"[0.5274534510631715, 0.07328320554487762, 0.3907161182470844, 0.004884454699184793, 0.0036627704456824316]"
5,"[0.5343374125061298, 0.020389121016772736, 0.4452733987746499, 3.38407936809861e-8, 3.3861654465911e-8]"
6,"[0.20796747880697844, 0.009174187427686251, 0.7828583337653348, 1.3365338793922241e-16, 1.0710562352453547e-15]"
7,"[0.02386060608254322, 1.8717828799913513e-9, 0.9761393900128548, 1.8434654286551786e-9, 1.8935218935854778e-10]"
