Timestep,Probs
1,"[0.17131474103585653, 0.2111553784860557, 0.21912350597609553, 0.21513944223107562, 0.18326693227091628]"
2,"[0.1637744663612106, 0.23788863079201, 0.06941459790567119, 0.3047719130651037, 0.22415039187600494]"
3,"[0.10804727325524782, 0.2647204035479872, 0.03045420298399613, 0.3230280909764414, 0.2737500292363274]"
4,"[0.010259388403518113, 0.29888172969151106, 0.0017697041948017966, 0.3148841964421034, 0.3742049812680652]"
5,"[0.0026585351071918054, 0.10384644274897298, 0.002656398258908109, 0.8362075091298125, 0.05463111475511459]"
6,"[0.00014371849687692243, 0.00947660108180122, 0.00019143986485677835, 0.9857849687664775, 0.004403271789986987]"
7,"[5.907386877955733e-6, 0.0004533065362895659, 0.0003388917178385437, 0.9992018943577574, 1.2350669264816204e-12]"
