Timestep,Probs
1,"[0.21011673151750943, 0.17509727626459126, 0.19455252918287913, 0.21011673151750943, 0.21011673151750943]"
2,"[0.18651670672376264, 0.1827717246005034, 0.06928876807915169, 0.26704101050614026, 0.2943817900904419]"
3,"[0.16328195254148944, 0.18451375231550401, 0.06003792766767063, 0.25622648736703363, 0.33593988010830333]"
4,"[0.06421783430970009, 0.2557169461799361, 0.040221046822468104, 0.22097320341698837, 0.41887096927090656]"
5,"[0.01274817219128719, 0.11959352363296329, 0.007237301836789238, 0.7869829965949922, 0.07343800574396828]"
6,"[0.001095415739185086, 0.010514193813392397, 0.0005113093623009586, 0.9752474397872005, 0.012631641297919816]"
7,"[0.0005094290801071881, 0.0017600653947314753, 0.005028759380460464, 0.9908171578606438, 0.0018845882840589955]"
