Timestep,Probs
1,"[0.21455938697318022, 0.203065134099617, 0.18007662835249053, 0.203065134099617, 0.1992337164750959]"
2,"[0.16940459126669855, 0.23682406083340438, 0.06433950662483982, 0.2751536855745392, 0.2542781557005179]"
3,"[0.06651912625464275, 0.27355821354708454, 0.0631405060997941, 0.29957967005810604, 0.2972024840403729]"
4,"[0.008248802461688411, 0.2440941422060391, 0.005618947865250258, 0.3636893343745096, 0.37834877309251463]"
5,"[0.004646167036714329, 0.07738920299183928, 0.0028826514716334193, 0.8548522656054003, 0.06022971289441189]"
6,"[0.00033705711571712597, 0.008426652574601462, 0.0001685305394579814, 0.984213101926517, 0.006854657843707183]"
7,"[1.8511619220870654e-16, 1.7721596996219083e-9, 1.2145473370812879e-12, 0.9995542229940799, 0.00044577523254854534]"
