Timestep,Probs
1,"[0.20600000000000016, 0.19200000000000014, 0.20600000000000016, 0.18400000000000014, 0.21200000000000016]"
2,"[0.2056737951220258, 0.19385343108359546, 0.18912522704584012, 0.19621753285533947, 0.21513001389319836]"
3,"[0.025584150581780336, 0.00653794541417999, 8.538723840184408e-5, 0.4266208292420458, 0.5411716875235933]"
4,"[1.032587409240014e-8, 0.012345923324930275, 3.9383142964813134e-13, 1.729399045246442e-7, 0.9876538934088974]"
5,"[5.217826197273664e-10, 1.9711393127198517e-6, 0.0, 1.0925795004354914e-7, 0.9999979190809447]"
6,"[1.083261524908885e-17, 5.865339762853839e-16, 0.0, 2.3657271014805205e-14, 0.9999999999999731]"
7,"[2.0630050423626137e-23, 4.5901542782768014e-23, 0.0, 4.5117920155695364e-20, 1.0000000000000038]"
