Timestep,Probs
1,"[0.24000000000000002, 0.17777777777777778, 0.19111111111111112, 0.19555555555555557, 0.19555555555555557]"
2,"[0.3562551983554499, 0.10527247676142529, 0.3603082631314875, 0.11337637522378766, 0.06478768652784957]"
3,"[0.476136812172514, 0.04066757668036762, 0.3963984620840061, 0.06644783786996142, 0.020349311193150747]"
4,"[0.582829410592206, 0.020121098155295745, 0.28772703038517594, 0.0992620499885355, 0.010060410878785847]"
5,"[0.5540162051609036, 0.048106560698504594, 0.28913990452002913, 0.09271076595889269, 0.016026563661670906]"
6,"[0.49190016083833044, 0.08764144072072004, 0.3290185881895341, 0.08413607908643825, 0.007303731164976806]"
7,"[0.5174224714218457, 0.057159455475020424, 0.3994333095953123, 0.023392433148685134, 0.002592330359136299]"
