Timestep,Probs
1,"[0.1621621621621622, 0.18918918918918928, 0.24324324324324345, 0.18918918918918928, 0.21621621621621637]"
2,"[0.129443853720586, 0.20601680871944458, 0.057429902929673406, 0.31175874719770447, 0.2953506874325911]"
3,"[0.11724788859236156, 0.2214124517125882, 0.02578179607343146, 0.2847880546335011, 0.3507698089881171]"
4,"[0.014695480427328822, 0.14201066698798054, 0.00414394669333954, 0.37180802400195706, 0.4673418818893938]"
5,"[0.0013744975793008776, 0.05217676836569755, 0.0027588007759186337, 0.8379116316580951, 0.10577830162098918]"
6,"[0.00023668281018576916, 0.006864502066087839, 3.286815958752092e-7, 0.9777497638884209, 0.015148722553709004]"
7,"[8.150846366676601e-7, 1.3539065957150353e-8, 3.6038351984897824e-9, 0.9999983414990427, 8.262734155274584e-7]"
