Timestep,Probs
1,"[0.18218623481781385, 0.21457489878542527, 0.174089068825911, 0.19838056680161956, 0.23076923076923098]"
2,"[0.19532835756831712, 0.21255471274548013, 0.1515331598509376, 0.1953282694211041, 0.24525550041416083]"
3,"[0.03873370628550117, 0.03055012467440025, 0.049424987344630716, 0.36237194402712003, 0.518919237668346]"
4,"[0.00485714009061593, 0.0032381486272767992, 0.006476127446196632, 0.04209683960362103, 0.9433317442322884]"
5,"[0.0002675464693434465, 0.0002274436796777563, 0.00030510195241949516, 0.0030175694353606728, 0.9961823384631997]"
6,"[0.0004454296017481031, 0.0008908592034962062, 2.6971069487347683e-13, 0.0, 0.9986637111944834]"
7,"[2.8406480962105302e-5, 4.964315054282869e-5, 5.786944158542446e-25, 0.0, 0.9999219503684974]"
