Timestep,Probs
1,"[0.24796747967479651, 0.21544715447154453, 0.19918699186991853, 0.17479674796747954, 0.16260162601626005]"
2,"[0.23176115571213102, 0.22544194155506644, 0.19620689865186675, 0.17592932998463415, 0.17066067409630198]"
3,"[0.03552776702763219, 0.030755489875379148, 0.04831040978807706, 0.4085011860975104, 0.4769051472113998]"
4,"[0.003741809904374412, 0.009822543437201821, 0.0032742325964639266, 0.04817677202272587, 0.9349846420392335]"
5,"[0.00024055999922831017, 3.63410733070043e-5, 0.0008253313767496411, 0.004747052656672952, 0.9941507148940412]"
6,"[1.2247158003316487e-5, 2.4479963536413203e-6, 0.00010281750606081795, 0.0012583428522044285, 0.9986241444873765]"
7,"[0.0002210724028179866, 9.757364527622462e-11, 0.0, 1.0841516141802633e-11, 0.9997789274887725]"
