Timestep,Probs
1,"[0.23364485981308417, 0.17757009345794397, 0.1845794392523365, 0.19392523364485986, 0.21028037383177575]"
2,"[0.17163496726836328, 0.21704704212284073, 0.07335845351440952, 0.25523964811975564, 0.2827198889746315]"
3,"[0.1164173075854146, 0.22361333404814274, 0.03604142118709868, 0.28327488041811466, 0.34065305676122964]"
4,"[0.02019498917293036, 0.2072295254991365, 0.015831845343407633, 0.32619445992462376, 0.43054918005990256]"
5,"[0.0094471263273978, 0.06167939421617318, 0.00507805156926301, 0.8437444140126571, 0.08005101387450823]"
6,"[0.0006169426236296725, 0.004990501137087537, 0.0008314272649946006, 0.9830471702964424, 0.01051395867784368]"
7,"[0.00045455496745337454, 0.0037847232665254903, 0.003936100684854487, 0.9903873135503442, 0.0014373075308248059]"
