Timestep,Probs
1,"[0.18800000000000014, 0.18600000000000014, 0.19600000000000015, 0.21400000000000016, 0.21600000000000016]"
2,"[0.18930955230648128, 0.18708238202868935, 0.19376389379335696, 0.22048993572992193, 0.2093542361415512]"
3,"[0.016763427038241113, 0.005671040707509764, 0.016738034318692745, 0.47211075287847354, 0.488716745057084]"
4,"[7.294423597958337e-9, 0.011628075209888195, 7.2937057882532655e-9, 2.0664513101825047e-7, 0.9883717035568527]"
5,"[4.110347534919131e-8, 2.2797711833862186e-6, 6.126130729721248e-10, 6.156146935186397e-7, 0.9999970628980429]"
6,"[8.656998952687755e-15, 4.0688483696563996e-13, 2.9343466918799008e-19, 2.5416892258279563e-11, 0.9999999999741728]"
7,"[1.6532035014269515e-20, 1.4908564674662572e-19, 5.268245388956635e-30, 3.306407002769868e-18, 0.9999999999999895]"
