Timestep,Probs
1,"[0.1860465116279072, 0.17829457364341106, 0.20542635658914754, 0.18992248062015527, 0.24031007751938016]"
2,"[0.3651160789634776, 0.048994491164187214, 0.40430525129551165, 0.07642084380355393, 0.10516333477326953]"
3,"[0.4275519389685123, 0.026549909680043494, 0.48336568798299756, 0.032451530222057184, 0.030080933146389457]"
4,"[0.5211883818838601, 0.008030949233568662, 0.44031817689365754, 0.01689286692438431, 0.013569625064530397]"
5,"[0.48354318686484116, 0.015684391681636906, 0.465163857301254, 0.014186571036183348, 0.021421993116082554]"
6,"[0.49900357875984763, 0.002587772600271163, 0.45866058543381694, 0.010790508314671512, 0.028957554891394083]"
7,"[0.48082557184931446, 9.262895401597582e-5, 0.515810017451883, 0.0008585819932404488, 0.002413199751548636]"
