Timestep,Probs
1,"[0.2181069958847738, 0.18930041152263383, 0.18930041152263383, 0.1934156378600824, 0.20987654320987667]"
2,"[0.195929008014256, 0.1947978338606357, 0.17896512891408908, 0.21006500170858644, 0.22024302750243172]"
3,"[0.038829230728048114, 0.05314496526256216, 0.05002742991571884, 0.47425230771746735, 0.3837460663762042]"
4,"[0.004342914615350957, 0.056472124285253604, 0.005442826842163243, 0.0570026298938999, 0.8767395043633336]"
5,"[0.0010859915954927201, 0.0036289874895901277, 0.0004343463670830712, 0.005231416796944453, 0.9896192577508917]"
6,"[0.0007515145946356285, 0.0005018319999061554, 0.0010019943399353901, 0.0010034629645061868, 0.996741196101013]"
7,"[3.096942886654155e-5, 1.5467317068002333e-5, 1.5596657804435838e-5, 3.182034417983808e-5, 0.9999061462520827]"
