Timestep,Probs
1,"[0.23308270676691728, 0.22556390977443608, 0.18421052631578946, 0.18796992481203006, 0.16917293233082706]"
2,"[0.31795245474358813, 0.17051963666924677, 0.2857060342663056, 0.11060424023962637, 0.11521763408123312]"
3,"[0.3925655276892674, 0.13929324485678152, 0.3606325644960239, 0.07945726954908511, 0.028051393408842547]"
4,"[0.46545112404169053, 0.06985649416822506, 0.37433495797580757, 0.0706153662952183, 0.019742057519059622]"
5,"[0.5017485230810292, 0.06531858872356369, 0.3469511400372284, 0.06146142781894853, 0.02452032033922976]"
6,"[0.5350401265885624, 0.0596910968794511, 0.336914201721535, 0.05769791872739414, 0.0106566560830581]"
7,"[0.5912374541463762, 0.026586968450163333, 0.35556094588358367, 0.0203719790407544, 0.00624265247912474]"
