Timestep,Probs
1,"[0.21224489795918344, 0.16326530612244883, 0.24081632653061197, 0.1999999999999998, 0.18367346938775492]"
2,"[0.21307651467349822, 0.18359588735156177, 0.21949806761480578, 0.18943378787264173, 0.19439574248749328]"
3,"[0.061127606957451175, 0.021978758948271646, 0.04499574183814038, 0.45408350337407594, 0.4178143888820616]"
4,"[0.008491479763367121, 0.000999002488275347, 0.0019983210804298524, 0.056944263750903105, 0.931566932917024]"
5,"[0.000489748418818589, 2.1731210870551375e-7, 0.00015008260442102306, 0.005508052464843156, 0.9938518991998095]"
6,"[0.00041919695724943764, 8.53173257935712e-10, 0.0, 1.0279195878743683e-11, 0.9995808021793025]"
7,"[2.6007777193929673e-5, 3.513756368256157e-20, 0.0, 2.5333797288053364e-18, 0.9999739922228031]"
