Timestep,Probs
1,"[0.18875502008032113, 0.20080321285140545, 0.20481927710843356, 0.18875502008032113, 0.21686746987951788]"
2,"[0.21426598674554576, 0.2041152657111895, 0.20960222686420588, 0.17283958419646037, 0.1991769364825983]"
3,"[0.06132597565271719, 0.06302063790668179, 0.07380824408026858, 0.42524011484174856, 0.37660502751858504]"
4,"[0.042153439173566565, 0.031996020831309306, 0.007618262572296374, 0.055866473964213494, 0.8623658034586127]"
5,"[0.003028466717860012, 0.002326666651920328, 0.0004802246502218376, 0.0032433300312751127, 0.9909213119487217]"
6,"[0.00020020638335392654, 0.0010086405797936644, 2.002772825273696e-5, 0.0004579950290524556, 0.9983131302795472]"
7,"[0.0004365448513088296, 2.378796913598052e-12, 1.4683931565420187e-14, 8.777760611176735e-10, 0.9995634542685247]"
