Timestep,Probs
1,"[0.2, 0.2, 0.2, 0.2, 0.2]"
2,"[0.32786826818857473, 0.32356528964963216, 0.25855845083262935, 0.03605465586503061, 0.05395333546413326]"
3,"[0.372467062147054, 0.3731431149516107, 0.2388151089021271, 0.004364590062937736, 0.011210123936270525]"
4,"[0.551389054924455, 0.10138942832871925, 0.34413526683105533, 0.0007105397110974208, 0.0023757102046730047]"
5,"[0.6081430211235633, 0.011831859887476762, 0.37958394202620244, 8.445226666107992e-5, 0.0003567246960963499]"
6,"[0.46642311267622394, 0.0028876511759178616, 0.5303687190804572, 3.917040286285019e-5, 0.00028134666453818807]"
7,"[0.12087310561341309, 0.0005058153492668002, 0.8785368431983747, 1.2955506123173518e-5, 7.128033282240016e-5]"
