Timestep,Probs
1,"[0.21333333333333307, 0.1666666666666665, 0.2033333333333331, 0.20999999999999974, 0.20666666666666642]"
2,"[0.2202797187563112, 0.16433566484687562, 0.19580419745540817, 0.20979020983621904, 0.20979020910518703]"
3,"[0.0281529126697468, 0.018768133892896575, 0.00015945012492238475, 0.4671376139993826, 0.48578188931305105]"
4,"[1.229899625109826e-8, 0.019607891170265367, 4.5777685382086846e-10, 2.418736950305401e-7, 0.9803918541992651]"
5,"[1.5006700905539295e-10, 2.9685355329282695e-6, 1.000446727035953e-10, 3.282865890095668e-7, 0.999996702927768]"
6,"[1.2433537515876487e-20, 8.513239949033778e-16, 3.935909311768468e-23, 3.004110750916415e-11, 0.999999999969951]"
7,"[2.1065058967150567e-31, 8.177124201549881e-24, 1.5790070211571548e-35, 1.5592788442465384e-15, 0.9999999999999946]"
