Timestep,Probs
1,"[0.22764227642276402, 0.21544715447154453, 0.19918699186991853, 0.16666666666666655, 0.19105691056910554]"
2,"[0.42240598231121473, 0.11135426303570596, 0.3642219216111733, 0.05028842228120645, 0.05172941076069871]"
3,"[0.484385607340791, 0.059115350084880024, 0.43948475364153494, 0.008507709594935487, 0.00850657933785862]"
4,"[0.5045753335230858, 0.03378316288221009, 0.4464258368877086, 0.009424281028543969, 0.005791385678450826]"
5,"[0.3156834809093873, 0.39439318950192226, 0.28217664385314506, 0.007017032449862503, 0.0007296532856823569]"
6,"[0.3469842206156202, 0.3402527441945772, 0.3124824403344003, 0.00028059485538200053, 1.887049440522197e-14]"
7,"[0.5374193661241099, 0.03448515541577039, 0.42806498636638063, 3.0492093738142833e-5, 1.53331472872646e-26]"
