Timestep,Probs
1,"[0.19512195121951229, 0.2097560975609757, 0.21951219512195133, 0.19024390243902448, 0.18536585365853667]"
2,"[0.4044856772789229, 0.06902369931699459, 0.4381970464301465, 0.043344257219650205, 0.04494931975428566]"
3,"[0.4890260677735294, 0.02647530398794918, 0.4527812503424028, 0.021390425597556766, 0.010326952298560704]"
4,"[0.515353388097355, 0.0015616826366095166, 0.4778727648753489, 0.004685098839993199, 0.0005270655506950979]"
5,"[0.537214616456257, 0.007009235466309983, 0.45506647512211695, 8.653261512390696e-6, 0.0007010196938051538]"
6,"[0.5200430827503634, 0.0010343527134675302, 0.47798016845269214, 1.1492635164370485e-5, 0.0009309034483140139]"
7,"[0.5454890792772599, 1.5762388269518932e-5, 0.4543532968689783, 1.730018229114309e-6, 0.00014013144726075135]"
