Timestep,Probs
1,"[0.20463320463320459, 0.15830115830115835, 0.2355212355212354, 0.18918918918918917, 0.2123552123552123]"
2,"[0.35017408129203703, 0.13619832274253948, 0.2918269071224883, 0.09339300730014334, 0.12840768154279183]"
3,"[0.4496454065080396, 0.09070882696862048, 0.35740107546340405, 0.044561136880135806, 0.05768355417980101]"
4,"[0.5268630191594691, 0.05459301843663823, 0.3726164086031078, 0.021664111999168647, 0.02426344180161656]"
5,"[0.5267636847255991, 0.048925203201183626, 0.3852043455904051, 0.02447609858390345, 0.01463066789890821]"
6,"[0.49238208154745355, 0.05173028482257675, 0.40202341399148117, 0.03591097177326313, 0.017953247865223173]"
7,"[0.5669762894069349, 0.055682506525109934, 0.36332663650721836, 0.010186826578403644, 0.003827740982331743]"
