Timestep,Probs
1,"[0.20474777448071205, 0.18694362017804148, 0.21958456973293752, 0.1780415430267062, 0.21068249258160224]"
2,"[0.17941967839424083, 0.19472275805240302, 0.2432715549645023, 0.16886536588517886, 0.2137206427036756]"
3,"[0.04448359638751419, 0.04938480842051189, 0.0584161348228773, 0.30619462979750534, 0.5415208305715912]"
4,"[0.004871454495695825, 0.0076548033808987205, 0.004175567039771603, 0.07028646988921056, 0.9130117051944227]"
5,"[0.0007976037087659286, 0.0014619392327798269, 0.0004021745786925125, 0.011404568290479377, 0.98593371418928]"
6,"[0.00036455501274797224, 5.00769905358753e-7, 0.0003645551004680414, 0.0011001653220361752, 0.9981702237948383]"
7,"[7.848977807681679e-7, 1.1963284150034186e-10, 6.357672007812242e-5, 0.00012716326760617449, 0.999808474994907]"
