Timestep,Probs
1,"[0.21590909090909077, 0.17897727272727262, 0.19602272727272715, 0.1846590909090908, 0.22443181818181804]"
2,"[0.19119667261111126, 0.17744173390301926, 0.21320467617688074, 0.1907381731299701, 0.227418744179019]"
3,"[0.0445708100193336, 0.0428926448373795, 0.050848093888988255, 0.40497168122699984, 0.45671677002729844]"
4,"[0.005869828727267468, 0.005135708713234603, 0.004402149416527845, 0.09244433649489815, 0.8921479766480724]"
5,"[0.0008289830285660847, 0.0008441201383845407, 0.0005544097695711277, 0.011761344131736405, 0.9860111429317431]"
6,"[0.0003901727994271673, 0.00039015941926523343, 0.00039015941738509383, 0.0015611744618747449, 0.9972683339020464]"
7,"[6.10869810557936e-5, 6.787442335641999e-6, 6.108698102075442e-5, 0.00018334485359474905, 0.9996876937419958]"
