Timestep,Probs
1,"[0.1981981981981983, 0.1981981981981983, 0.18468468468468477, 0.23423423423423442, 0.18468468468468477]"
2,"[0.14743591115597987, 0.29166603078767106, 0.06517138693846047, 0.2863246695594685, 0.2094020015584207]"
3,"[0.04879654805135755, 0.3784957038507756, 0.02933205344199721, 0.3427730814855336, 0.2006026131703357]"
4,"[0.004243271877501264, 0.30268531508767627, 0.0035363502715304767, 0.42220224517443306, 0.2673328175888603]"
5,"[0.0009609462594653674, 0.06514335494418907, 0.0004789405309514683, 0.8771413014660469, 0.056275456799346535]"
6,"[0.0006920228629915737, 9.624700129770124e-7, 1.8987056344425286e-6, 0.9965369931052356, 0.0027681228561282282]"
7,"[1.7098091104843155e-8, 5.222370748029038e-12, 5.212038257741179e-12, 0.9997754507590466, 0.00022453213242645148]"
