Timestep,Probs
1,"[0.2350597609561752, 0.20717131474103578, 0.17529880478087645, 0.20318725099601587, 0.17928286852589637]"
2,"[0.5247354812465692, 0.03337305231613477, 0.3722639677563785, 0.03567597384334766, 0.03395152483757054]"
3,"[0.5913720897023254, 0.009364748655003016, 0.3770339928582718, 0.010873280969523674, 0.011355887814876075]"
4,"[0.5935407846427511, 0.0013233462679052572, 0.3916300862848106, 0.010025402876109002, 0.0034803799284240013]"
5,"[0.5997065612310196, 0.00842286289354942, 0.35906917779269604, 0.02049350928052741, 0.012307888802209184]"
6,"[0.5958912842344483, 0.004944585635719265, 0.3757410705053316, 0.014053406881899965, 0.009369652742603521]"
7,"[0.5856287130804836, 2.5611128758906893e-5, 0.4127761852139446, 0.0009416943368483756, 0.0006277962399668954]"
