Timestep,Probs
1,"[0.16929133858267698, 0.24409448818897606, 0.19291338582677142, 0.2007874015748029, 0.19291338582677142]"
2,"[0.43982167554204, 0.0845320653263629, 0.33882288558159573, 0.06805455331129556, 0.0687688202387053]"
3,"[0.523028793368719, 0.06837305300574778, 0.3892820782670524, 0.008495235212228948, 0.01082084014625248]"
4,"[0.5430818838165992, 0.0553024880193375, 0.3976801213177312, 0.003935440190276111, 6.665605442002894e-8]"
5,"[0.5763482818981227, 0.043376708420487735, 0.37572223285160394, 0.00455277682977894, 7.562490193040577e-15]"
6,"[0.5156276132115553, 0.038102683995468414, 0.4462695783568835, 1.2443609484890443e-7, 1.5751700643672387e-22]"
7,"[0.6234855434366474, 0.004118792796867974, 0.3723956637631605, 3.323679392393635e-12, 5.490336515528366e-31]"
