Timestep,Probs
1,"[0.2, 0.2, 0.2, 0.2, 0.2]"
2,"[0.1999999999880414, 0.20000000004787544, 0.1999999999880412, 0.1999999999880414, 0.19999999998800064]"
3,"[5.62668686804093e-8, 5.6266962287595106e-8, 5.626686868074758e-8, 0.49999991559970186, 0.4999999155995985]"
4,"[1.2663890079802251e-14, 5.6266865650304917e-8, 1.2663833336300784e-14, 1.1253427816454572e-7, 0.9999998311988308]"
5,"[4.750414888343768e-22, 3.1659766018641513e-15, 7.125579056057306e-22, 4.2213293401260714e-15, 0.9999999999999926]"
6,"[5.34583001078359e-29, 3.5627988769672844e-22, 8.018696351456913e-29, 4.750460881876743e-22, 1.0]"
7,"[6.0158850358538196e-36, 4.0093658924095564e-29, 9.023772805811713e-36, 1.7819728839579157e-29, 1.0]"
