Timestep,Probs
1,"[0.19058823529411748, 0.21411764705882333, 0.21647058823529391, 0.19764705882352923, 0.18117647058823513]"
2,"[0.1484449405446947, 0.2530629336600746, 0.07822832542536648, 0.27615442560812375, 0.24410937476174047]"
3,"[0.07624339590038469, 0.27898111684772925, 0.04381149261102713, 0.3268000554490352, 0.27416393919182436]"
4,"[0.00618873911434997, 0.25356996495319967, 0.0033273534530272775, 0.42404035327789036, 0.31287358920153074]"
5,"[0.001967244555471206, 0.030335120153109244, 0.0026299467802996168, 0.9287037313343884, 0.03636395717672952]"
6,"[0.00011334092956770983, 0.0021990037638858566, 0.00015874055158986028, 0.9948993038259035, 0.0026296109290523985]"
7,"[0.0002564235523376218, 0.0002564235523288901, 0.00038463456452677734, 0.9988460947784846, 0.0002564235523288901]"
