Timestep,Probs
1,"[0.2, 0.2, 0.2, 0.2, 0.2]"
2,"[0.32663171752058834, 0.32299146908108406, 0.2600478452398029, 0.03610281963825051, 0.054226148520274235]"
3,"[0.378640112711493, 0.37255400270423866, 0.2329414371236705, 0.004407567788875039, 0.011456879671722868]"
4,"[0.5623942606275955, 0.10185093049723741, 0.33268734433342134, 0.0006957752495053935, 0.0023716892922403723]"
5,"[0.6203732590426007, 0.011895892745068314, 0.36723667480799027, 8.9634270893138e-5, 0.0004045391334476216]"
6,"[0.47979418071043883, 0.0028523713514551413, 0.5169522866751648, 4.708520080225457e-5, 0.0003540760621389781]"
7,"[0.12676319973736347, 0.0005227456787351908, 0.8726142175628208, 1.2989919008426285e-5, 8.684710207214673e-5]"
