Timestep,Probs
1,"[0.18072289156626498, 0.18795180722891555, 0.21686746987951785, 0.19999999999999984, 0.214457831325301]"
2,"[0.2634623690337597, 0.26975324842683657, 0.33568187097098706, 0.08178164335948747, 0.04932086820892911]"
3,"[0.2501369409499766, 0.3242456967236679, 0.3809414538871084, 0.02642020362370209, 0.018255704815544282]"
4,"[0.39108671500726644, 0.02643073769153314, 0.5267040002814909, 0.04137288684355731, 0.014405660176153866]"
5,"[0.4012671285694945, 0.0006446725084393303, 0.5378295841773209, 0.03815232617298788, 0.022106288571758965]"
6,"[0.0355945710728758, 4.459610931635406e-5, 0.9230350623062245, 0.003716428159612254, 0.03760934235197207]"
7,"[0.0022623029632784, 2.183728268389073e-6, 0.9947585209723787, 0.0002207500032879388, 0.0027562423327884026]"
