Timestep,Probs
1,"[0.24666666666666634, 0.1933333333333331, 0.19666666666666643, 0.17666666666666647, 0.18666666666666645]"
2,"[0.5677932828926764, 0.042375292457424635, 0.33050966832496903, 0.025423608841079463, 0.033898147483851074]"
3,"[0.6203406046721508, 0.027790556928511116, 0.3425902667496227, 0.009261637374164937, 1.6934275549570192e-5]"
4,"[0.6568627440503504, 0.01960784333376689, 0.3137254908347914, 0.009803921780741446, 3.479870268313956e-13]"
5,"[0.01004497751124019, 0.0002998500749677028, 0.9883058470760747, 0.0013493253377177574, 7.294125301245172e-19]"
6,"[5.740707365043778e-8, 1.0802153701057877e-13, 0.9999999361354918, 6.457311439418204e-9, 1.2002393001175602e-14]"
7,"[5.740707402113954e-8, 2.788224700942966e-22, 0.9999999425929174, 1.2002415663299657e-14, 4.249694712609417e-26]"
