Timestep,Probs
1,"[0.2, 0.2, 0.2, 0.2, 0.2]"
2,"[0.3332593726051141, 0.33326022493570756, 0.33326087637386503, 0.00010974722212823279, 0.00010977886318500975]"
3,"[0.3333325227860819, 0.33333337939016205, 0.3333340258569302, 3.614887683037947e-8, 3.5817949195140804e-8]"
4,"[0.4999131331239103, 0.0001663697375002637, 0.49992049711176434, 1.7899595178070605e-11, 8.925726017672531e-12]"
5,"[0.4999963038702676, 2.7707360144596978e-8, 0.5000036684223634, 5.926331456424089e-15, 2.940046588281905e-15]"
6,"[0.3314701138183513, 1.2103873504233488e-11, 0.668529886169543, 2.629592568110286e-18, 1.947361498991942e-15]"
7,"[0.002986812954502955, 3.006867138262228e-15, 0.9970131870454941, 4.361429880252609e-22, 4.846807393067991e-19]"
