Timestep,Probs
1,"[0.23655913978494653, 0.17204301075268835, 0.1863799283154124, 0.19713261648745542, 0.20788530465949845]"
2,"[0.20833315529288451, 0.1403510009741532, 0.09868475704848075, 0.28508719184742226, 0.2675438948370596]"
3,"[0.20082163994862642, 0.18907544036629104, 0.05291560530902458, 0.33061020668605007, 0.22657710769000863]"
4,"[0.06419424207494245, 0.15264647303149978, 0.01426534257906766, 0.47645730693135296, 0.29243663538313824]"
5,"[0.04760529736926661, 0.08338808172301185, 0.002993044612656, 0.7378767712902236, 0.12813680500484298]"
6,"[0.007969512130403663, 0.01593728263736719, 2.08974621091523e-14, 0.945544988576732, 0.030548216655480076]"
7,"[0.0007708693224673704, 0.0046325049929871855, 1.3880779481395164e-24, 0.9845779818427911, 0.010018643841753822]"
