Timestep,Probs
1,"[0.1830065359477123, 0.2091503267973854, 0.17973856209150316, 0.2091503267973854, 0.21895424836601282]"
2,"[0.13765266786456287, 0.23886607913981328, 0.11336062806142691, 0.26720599200049105, 0.24291463293370566]"
3,"[0.050440672772384426, 0.2869601379192882, 0.09573688719025121, 0.2822912354911793, 0.28457106662689624]"
4,"[0.014745564894860182, 0.2989257758862118, 0.02278826899173736, 0.3150184362127744, 0.3485219540144171]"
5,"[0.012582883098798934, 0.21706435971939586, 0.009441895696467202, 0.5655799390418358, 0.195330922443501]"
6,"[2.0458191299053714e-11, 0.11074339807730121, 1.6045691215981185e-10, 0.797253965187744, 0.09200263655403802]"
7,"[3.262587611039355e-21, 0.04547482069954087, 1.3036667310291223e-19, 0.9250061886529075, 0.02951899064755098]"
