Timestep,Probs
1,"[0.18333333333333313, 0.19666666666666643, 0.2299999999999997, 0.23333333333333303, 0.1566666666666665]"
2,"[0.4045800209109565, 0.05343523074327942, 0.473282296050747, 0.030534446295463025, 0.03816800599955493]"
3,"[0.45687314006274427, 0.02586599922757138, 0.5172280141617701, 1.576634302348256e-5, 1.7080204890294515e-5]"
4,"[0.4774774605895106, 0.0180180175900538, 0.504504504449824, 1.6952040430117654e-8, 4.1857320222797667e-10]"
5,"[0.4173228344755921, 0.07874015744847596, 0.503937007852366, 1.8291789855088948e-10, 4.064846014455841e-11]"
6,"[0.6315689707796601, 3.6429944962749956e-6, 0.3684033176100181, 2.406820257408054e-5, 4.13248790616105e-10]"
7,"[0.0014204874845998576, 2.7274467440448072e-11, 0.9985795122505321, 1.6364680464268466e-11, 2.2122623590585335e-10]"
