Timestep,Probs
1,"[0.18999999999999978, 0.2299999999999997, 0.2033333333333331, 0.21333333333333307, 0.16333333333333316]"
2,"[0.519607538206023, 0.009804186228198083, 0.4509801511297641, 1.475823756241527e-7, 0.019607976853639353]"
3,"[0.5353510627355621, 1.5395468933761402e-6, 0.4545448946968166, 2.7551944634839433e-13, 0.010102503020451743]"
4,"[0.5520833327989086, 2.419851878705016e-10, 0.43750000030248604, 1.0219302443168039e-20, 0.010416666656620062]"
5,"[0.007953181272505775, 3.873311522418274e-13, 0.9906962785110214, 1.4073191073037646e-24, 0.0013505402160858893]"
6,"[0.9999761664036605, 1.6934397398876546e-5, 6.852739688159881e-6, 4.6459252123118085e-8, 0.0]"
7,"[0.9999999937067651, 0.0, 0.0, 6.293232144873212e-9, 0.0]"
