Timestep,Probs
1,"[0.20234604105571832, 0.19061583577712596, 0.2082111436950145, 0.1730205278592374, 0.22580645161290305]"
2,"[0.16727120235802717, 0.2039890584433686, 0.20444230315689693, 0.19174978957254, 0.23254764646916803]"
3,"[0.03962744140125844, 0.05284812906058596, 0.048095686103189685, 0.3408590172852785, 0.518569726149687]"
4,"[0.0024170064331331662, 0.0018127775518250763, 0.003625460395212956, 0.07311278549675512, 0.9190319701230738]"
5,"[0.00035840945246086626, 0.00023182833643421754, 0.0005774374506574069, 0.0093957814602481, 0.9894365433002]"
6,"[0.0003779573912397173, 0.0007538463471300181, 0.0015076930146311542, 1.041299696402201e-6, 0.9973594619472995]"
7,"[5.686585568515241e-5, 0.00011373170608620158, 0.00011381837862732357, 1.0834228278908771e-10, 0.9997155839512548]"
