Timestep,Probs
1,"[0.2176039119804404, 0.20782396088019586, 0.19315403422982905, 0.17114914425427882, 0.210268948655257]"
2,"[0.37324092644164586, 0.2846895809994749, 0.3064825429897948, 0.016000476560878985, 0.019586473008205294]"
3,"[0.3709618494320508, 0.32269964025951453, 0.3036121413885164, 0.0009325182694523372, 0.0017938506504650517]"
4,"[0.5808713205488091, 0.026916611442278464, 0.3918769882685167, 0.0001224011873367584, 0.0002126785530591981]"
5,"[0.6007497750496686, 0.0007622337506567819, 0.39671369740770146, 0.0013300734877356557, 0.0004442203042389927]"
6,"[0.07240679571637526, 8.469310082026695e-5, 0.9264926207326416, 0.00019047945941500803, 0.0008254109907451033]"
7,"[0.00392512977356741, 5.682657077142589e-6, 0.9960146218310518, 1.2785921750478374e-5, 4.177981655365631e-5]"
