Timestep,Probs
1,"[0.20427553444180535, 0.22327790973871753, 0.17577197149643708, 0.18289786223277915, 0.21377672209026144]"
2,"[0.5042366981034151, 0.03275874655356477, 0.39465533327376806, 0.02507598035669691, 0.043273241712556275]"
3,"[0.5582485083395586, 0.0018167904880148366, 0.3911750501602857, 0.005636975518373319, 0.043122675493769407]"
4,"[0.5927608566326605, 0.0003835810666789782, 0.3888237956161304, 0.002432720904706419, 0.015599045779820478]"
5,"[0.5801979574127674, 0.0003134293349965116, 0.3977362662169646, 0.0029732736930752272, 0.01877907334219658]"
6,"[0.5564352740967642, 0.00024432200758836824, 0.43264432711591777, 0.004409373782954555, 0.006266702996777135]"
7,"[0.5769132358074459, 1.8404929132885033e-5, 0.4222523615414804, 0.0003407604428091954, 0.00047523727913265453]"
