Timestep,Probs
1,"[0.21686746987951785, 0.19999999999999984, 0.18313253012048183, 0.20963855421686728, 0.1903614457831324]"
2,"[0.46023646409747465, 0.03025254174092933, 0.43862942860315474, 0.036737222899361356, 0.034144342659081006]"
3,"[0.48484193963830224, 0.003307689260045051, 0.47359238187583796, 0.0049841167617412085, 0.03327387246407273]"
4,"[0.47019060104421245, 0.0005469353109890422, 0.5170901277086919, 0.008070605577347132, 0.004101730358760231]"
5,"[0.4740407869551968, 0.0005100912928001706, 0.5104879921884314, 0.010030721154567957, 0.004930408409004448]"
6,"[0.447245380767375, 0.0007583726914607272, 0.5304958324807515, 0.014914578739473645, 0.006585835320938653]"
7,"[0.4854489004425779, 6.125606552180338e-5, 0.5131603786204423, 0.0012046958213856212, 0.00012476905007030004]"
