Timestep,Probs
1,"[0.22748815165876754, 0.20853080568720359, 0.1990521327014216, 0.1658767772511847, 0.1990521327014216]"
2,"[0.37080994316316246, 0.2627025390358437, 0.3135128255964858, 0.021622603137246062, 0.03135208906726159]"
3,"[0.40718967026966535, 0.24326753741659107, 0.3423189797866467, 0.0028076351540653687, 0.004416177373030665]"
4,"[0.5528175889130417, 0.04095692296254231, 0.3996725295621709, 0.0032759175515260745, 0.003277041010718885]"
5,"[0.5360583497533274, 0.004547104219990711, 0.4586904830840743, 0.0004223176163427314, 0.00028174532626450035]"
6,"[0.08637658833114334, 0.0008174972097713195, 0.9126282012947962, 0.00010662789856718785, 7.108526572202964e-5]"
7,"[0.000687117573703441, 0.002051976066085647, 0.9965596224356978, 0.000700239762490854, 1.0441620194064721e-6]"
