Timestep,Probs
1,"[0.20588235294117618, 0.17647058823529393, 0.18067226890756283, 0.22268907563025175, 0.21428571428571397]"
2,"[0.22414793284639672, 0.20123382984326343, 0.18066964163516805, 0.18037616281564953, 0.21357243285952174]"
3,"[0.05181617983240875, 0.030706567913271515, 0.02372983119443935, 0.46688453714597805, 0.4268628839139022]"
4,"[0.003075706608484038, 0.0008787324256374002, 0.0008787324495791101, 0.051846699828145514, 0.9433201286881532]"
5,"[0.0001623452800228621, 3.25421404434138e-5, 6.489634755295993e-5, 0.003949772909191994, 0.9957904433227904]"
6,"[4.7888699597050856e-5, 2.082117397608412e-6, 4.164234747312491e-6, 0.00024989500505185084, 0.9996959699432082]"
7,"[6.825833520194827e-7, 0.00023571518675697607, 0.0002357067599482478, 0.0007071380813499401, 0.998820757388587]"
