Timestep,Probs
1,"[0.21301775147929, 0.18934911242603555, 0.18934911242603555, 0.2189349112426036, 0.18934911242603555]"
2,"[0.19471821309718382, 0.22772197019879586, 0.09240976970291707, 0.27062820127396897, 0.21452184572713315]"
3,"[0.11853709351349087, 0.24061586885251626, 0.04367116207591344, 0.31522796880167725, 0.28194790675640236]"
4,"[0.03363229664420068, 0.28699179928243235, 0.015695089360495053, 0.36770833472830095, 0.29597247998457094]"
5,"[0.022113737116050698, 0.15734398869266258, 0.0049303845630893845, 0.667941114075719, 0.14767077555247718]"
6,"[6.97934162010267e-10, 0.03497298747396315, 4.382585943078619e-9, 0.9230641150863174, 0.04196289235919953]"
7,"[9.33496118427254e-16, 0.008059278400371007, 9.33199374567953e-15, 0.9812639256704867, 0.010676795929132085]"
