Timestep,Probs
1,"[0.2, 0.2, 0.2, 0.2, 0.2]"
2,"[0.25075957395387755, 0.17037374397381155, 0.16728266274833767, 0.2506211460391782, 0.1609628732847951]"
3,"[0.059700189541487154, 0.049495764034398114, 0.036233259505245204, 0.5689142421022083, 0.2856565448166613]"
4,"[0.025026728485282652, 0.06528228525198901, 0.02425802154451656, 0.2128578915376075, 0.6725750731806042]"
5,"[0.003689087827952342, 0.009681092470925086, 0.0038935335813828375, 0.02329135857486267, 0.9594449275448771]"
6,"[0.0004490481185245027, 0.0012992860798510528, 0.0005324961320527378, 0.004042807887294866, 0.9936763617822769]"
7,"[7.139252054209539e-5, 0.00013647265821566283, 7.004084065263095e-5, 0.00047508641137580495, 0.9992470075692138]"
