Timestep,Probs
1,"[0.17299578059071735, 0.20253164556962033, 0.20675105485232076, 0.17299578059071735, 0.2447257383966246]"
2,"[0.32555597778331324, 0.3167464993737086, 0.3068933954885246, 0.017107729847097432, 0.03369639750735654]"
3,"[0.35711308209542575, 0.3075320108355527, 0.33228007668293597, 0.0009921432835086584, 0.0020826871025775894]"
4,"[0.4753399706015086, 0.0251939303753944, 0.4991574160419223, 7.875022461120266e-5, 0.00022993275656272823]"
5,"[0.48443850838402847, 0.00011456501473801495, 0.513682289358512, 0.0006593519887368199, 0.0011052852539836372]"
6,"[0.04689331271609905, 6.026351882525147e-13, 0.9529339794163113, 4.934046460784081e-5, 0.00012336740238080108]"
7,"[0.0024952762031689173, 1.542644227741154e-19, 0.9974951352793161, 3.196000993783231e-6, 6.3925165200330106e-6]"
