Timestep,Probs
1,"[0.20000000000000015, 0.19200000000000014, 0.20200000000000015, 0.19600000000000015, 0.21000000000000016]"
2,"[0.48147770156133884, 0.06172951909564477, 0.3703695428317083, 0.012348402868305502, 0.07407483364300449]"
3,"[0.5499639661241866, 0.007178300698775826, 0.4142599291653282, 2.1772258879993893e-6, 0.02859562678582131]"
4,"[0.6079999798064796, 0.00800002983654859, 0.35999999023926793, 1.8584807580462305e-10, 0.02399999993185558]"
5,"[0.01130111524164602, 0.0013382899942535587, 0.9845353159522463, 3.8381853609728095e-13, 0.00282527881147056]"
6,"[3.477410928694012e-8, 9.599112286018814e-11, 0.9999999650345035, 9.540222026595436e-11, 7.270402397954339e-15]"
7,"[2.5349684805481656e-5, 6.54419417828264e-14, 0.9999746503151205, 1.9945730040476725e-17, 1.5200221033743402e-21]"
