Timestep,Probs
1,"[0.18987341772151906, 0.20253164556962033, 0.15611814345991565, 0.23206751054852331, 0.21940928270042204]"
2,"[0.3165599532045756, 0.3722508140610128, 0.1978496868590443, 0.07620884039651928, 0.037130705478848905]"
3,"[0.3579890470376533, 0.40239042990376517, 0.23358523595680908, 0.0039424965270986045, 0.002092790574673475]"
4,"[0.5601081041731552, 0.036232581749054076, 0.400871578168056, 0.0019915658798561183, 0.000796170029879649]"
5,"[0.562652041932083, 0.0029332476053636628, 0.4342506011630089, 0.00010943258657758967, 5.467671296551235e-5]"
6,"[0.12145724445186935, 0.0017256320885715515, 0.876682580384906, 6.728208697605025e-6, 0.0001278148659572219]"
7,"[0.004579822454342555, 0.001615929100115693, 0.9927262477289691, 0.0005393897626093284, 0.0005386109539601662]"
