Timestep,Probs
1,"[0.21372031662269153, 0.2295514511873354, 0.18205804749340382, 0.18997361477572575, 0.18469656992084446]"
2,"[0.18561865015955228, 0.2614268577693936, 0.050167700379099976, 0.24581923418556284, 0.2569675575063911]"
3,"[0.12640554835989834, 0.32016829389194096, 0.027547396538676584, 0.27449599689192894, 0.2513827643175547]"
4,"[0.009381961691238701, 0.33254662969323473, 0.0042245638892822275, 0.3341526161533067, 0.31969422857293917]"
5,"[0.0018036877370222286, 0.09678888294987975, 0.0036087500223665886, 0.811845381470294, 0.085953297820436]"
6,"[0.0003130333844470325, 0.013305745149600211, 0.0004697650717672057, 0.9762045769366241, 0.009706879457561211]"
7,"[0.0006717024879680961, 0.0016802349531407647, 9.795440909143769e-7, 0.9976466152214293, 4.677933749973814e-7]"
