Timestep,Probs
1,"[0.18333333333333313, 0.2033333333333331, 0.18666666666666645, 0.20666666666666642, 0.21999999999999972]"
2,"[0.46153687353177003, 0.1442304696141595, 0.3557680326893941, 1.6042439787958848e-6, 0.03846301992069761]"
3,"[0.5164670257131883, 0.08793411849044988, 0.3955921563949405, 3.8161043015020703e-11, 6.699363259137515e-6]"
4,"[0.610389592710855, 0.02597405146941066, 0.36363635551796947, 6.131172392545464e-14, 3.0170199163916026e-10]"
5,"[0.007072987190398872, 0.9875094055995132, 0.005417607209697193, 8.77099179391483e-18, 3.8843937428012103e-13]"
6,"[0.7091439688715933, 0.2879377431906618, 0.0, 0.0029182879377432024, 0.0]"
7,"[0.9999999908346134, 9.161352697887844e-9, 0.0, 4.039397133107493e-12, 0.0]"
