Timestep,Probs
1,"[0.19920318725099595, 0.15537848605577687, 0.23107569721115528, 0.17928286852589637, 0.2350597609561752]"
2,"[0.19272719068273342, 0.18069907326437196, 0.19412606013680356, 0.17090921830945158, 0.2615384576066395]"
3,"[0.037851529149589044, 0.0376186172433916, 0.02381172291406187, 0.3310084087077958, 0.5697097219851621]"
4,"[0.011372867268142359, 0.0024372335753735175, 0.0016248218017590641, 0.03127637346918666, 0.9532887038855385]"
5,"[0.0012290382133933178, 0.0001234836460706553, 5.464110608260429e-5, 0.0024827795460283064, 0.9961100574884264]"
6,"[0.0007188996759089188, 7.449737312788429e-6, 3.72486844683916e-6, 0.0008213642874570474, 0.9984485614308745]"
7,"[4.736422061785472e-5, 4.933028929548519e-7, 2.466514464774133e-7, 1.5976841344638287e-5, 0.999935918983697]"
