Timestep,Probs
1,"[0.22764227642276402, 0.24390243902439002, 0.19512195121951204, 0.15447154471544705, 0.17886178861788604]"
2,"[0.22877181804590985, 0.27837736060225804, 0.15261183793967995, 0.17828984249112717, 0.16194914092102444]"
3,"[0.04944281408977889, 0.07967874911386229, 0.019242705703795965, 0.4333788848253557, 0.41825684626720655]"
4,"[0.01610014703674936, 0.09525920001469587, 0.0026833579819776983, 0.04472347604329746, 0.8412338189232781]"
5,"[0.0005006361732772093, 0.004951318447941201, 0.00010978273294487195, 0.004174053985969889, 0.990264208659867]"
6,"[2.2681027501581956e-5, 0.0018116711014865498, 4.534906761940559e-6, 0.0011314970185104974, 0.9970296159457408]"
7,"[0.0017550624002064437, 0.0004995873117283905, 0.0005060896719556748, 0.005245671348764358, 0.991993589267342]"
