Timestep,Probs
1,"[0.17886178861788604, 0.23983739837398352, 0.17886178861788604, 0.20731707317073153, 0.19512195121951204]"
2,"[0.2897526488980985, 0.37607279041609226, 0.28874290843968, 0.022715878148436786, 0.02271577409769265]"
3,"[0.3184660956362188, 0.3466185598518606, 0.330690026689264, 0.001371865403752246, 0.002853452418904145]"
4,"[0.5112372297143817, 0.030969576840284316, 0.45668741785955214, 0.0007371881760007186, 0.0003685874097814596]"
5,"[0.5333618390454085, 0.0017721850291897566, 0.46481746657756984, 2.428974269417681e-5, 2.4219605138860858e-5]"
6,"[0.05278582804632626, 0.00039556505445656324, 0.9468128741136479, 2.866392786330388e-6, 2.866392782666579e-6]"
7,"[0.0015818473647355646, 0.0015750136402242435, 0.9965808188120561, 8.54358300460109e-8, 0.0002622347471577688]"
