Timestep,Probs
1,"[0.15891472868217071, 0.24031007751938016, 0.16666666666666685, 0.2093023255813956, 0.22480620155038789]"
2,"[0.1638509720866426, 0.24591058479186237, 0.14427470387158764, 0.21560733045754038, 0.23035640879236707]"
3,"[0.0386796266893121, 0.047581890283933184, 0.033606106648210156, 0.43106356911761967, 0.44906880726092413]"
4,"[0.0027277572693505665, 0.02946130493850153, 0.0038188553611805216, 0.04855517469329646, 0.9154369077376706]"
5,"[0.00020694787713668915, 0.0014096427664918865, 0.0002484573126351392, 0.0035902276342913535, 0.9945447244094455]"
6,"[0.0004813439679351227, 0.0019254025834969947, 0.00024067198988530838, 0.0004813441924856923, 0.9968712372661921]"
7,"[2.9761947524239278e-5, 0.00010420991015355709, 1.4880973762122536e-5, 2.976194752424228e-5, 0.9998213852210321]"
