Timestep,Probs
1,"[0.19672131147540994, 0.15983606557377056, 0.23360655737704933, 0.20081967213114765, 0.20901639344262307]"
2,"[0.32939168618244935, 0.25000001230198815, 0.339526814136387, 0.0637670275975687, 0.01731445978160672]"
3,"[0.3465131586841795, 0.26403549402994736, 0.37186840097060586, 0.015388988819783608, 0.0021939574954844983]"
4,"[0.4768608446303441, 0.018807136599827367, 0.4830576875434399, 0.0210984218068991, 0.00017590941948972486]"
5,"[0.49213648690720796, 0.0007665807163322127, 0.4779600069530131, 0.023907214028621594, 0.005229711394823532]"
6,"[0.1339533074429187, 8.326564768945611e-5, 0.8622164727780908, 0.0026645007155930624, 0.001082453415710556]"
7,"[0.008839710014903277, 5.215825909145489e-6, 0.9908728776188643, 0.00020067309534119803, 8.152344498236171e-5]"
