Timestep,Probs
1,"[0.16803278688524598, 0.20081967213114765, 0.20901639344262307, 0.16803278688524598, 0.2540983606557379]"
2,"[0.17850472929779967, 0.20778818224968904, 0.19719624235156846, 0.166978365961308, 0.2495324801396356]"
3,"[0.04542666521303475, 0.026605054447878404, 0.06318332018124627, 0.3928704272000332, 0.4719145329578086]"
4,"[0.00580474192772341, 0.02058059923560399, 0.005277204368721618, 0.051187903362350455, 0.9171495511056016]"
5,"[0.00030889586866767756, 0.001589477869251282, 0.00032628283002366016, 0.0033662266587473734, 0.9944091167733112]"
6,"[0.00023244851720613044, 1.7569639864799455e-8, 0.0002324485387078289, 0.0004655709949080762, 0.9990695143795348]"
7,"[4.91487371613453e-9, 4.5797403486256005e-15, 4.423386344256691e-8, 3.054930295639246e-5, 0.9999694015483036]"
