Timestep,Probs
1,"[0.18918918918918917, 0.20849420849420844, 0.2277992277992277, 0.18146718146718147, 0.19305019305019303]"
2,"[0.22532534061269743, 0.272294405553752, 0.04919099692804407, 0.21136123508592736, 0.24182802181957877]"
3,"[0.24851841332681884, 0.2875617494488745, 0.04449776474833231, 0.14003066490568017, 0.2793914075702957]"
4,"[0.01767372255335269, 0.40062372541468005, 0.002386591148492974, 0.19290374607233307, 0.3864122148111418]"
5,"[0.00437293456699016, 0.09883299411343352, 0.0004455257334207994, 0.8211440182024037, 0.07520452738375061]"
6,"[1.2785479520096466e-11, 0.005728411425720458, 0.0005206917166069998, 0.9744845493955027, 0.01926634744938595]"
7,"[4.507987874891926e-21, 0.0003204416359177664, 3.3737460971567544e-5, 0.9987855256451582, 0.0008602952579513351]"
