Timestep,Probs
1,"[0.22619047619047583, 0.15476190476190466, 0.19841269841269815, 0.22222222222222188, 0.19841269841269815]"
2,"[0.5032841970210972, 0.043849655929632664, 0.3442238725375752, 0.033382716126219104, 0.0752595583854753]"
3,"[0.5771674618339264, 0.0071808993619923355, 0.37644682201838386, 0.011312622089611375, 0.027892194696084897]"
4,"[0.6520168248619341, 0.00045755610945601014, 0.3168574950758429, 0.00870547422042217, 0.0219626497323443]"
5,"[0.6385944858274805, 0.000549770712350455, 0.329242246684758, 0.010445643819608188, 0.021167852955801286]"
6,"[0.6071295894312996, 0.0004507307332617124, 0.3594260523371211, 0.016271379470808603, 0.01672224802750943]"
7,"[0.671406553979712, 3.500494415796475e-5, 0.3260291305524436, 0.0006320425468591144, 0.0018972679768268226]"
