Timestep,Probs
1,"[0.2469135802469138, 0.17695473251028812, 0.19753086419753096, 0.20164609053497953, 0.17695473251028812]"
2,"[0.4852177233179502, 0.10037053144831694, 0.32142698858128893, 0.03694923478193919, 0.05603552187050504]"
3,"[0.5612435263113063, 0.0538419297539065, 0.3399646845659071, 0.024477445447264302, 0.020472413921615994]"
4,"[0.6185052024655474, 0.04462877424913057, 0.3247559312389437, 0.0015201481088268454, 0.010589943937551449]"
5,"[0.6629075449179546, 0.042445452386134515, 0.2771291971108069, 0.0013482441535502645, 0.01616956143155422]"
6,"[0.6758792201395599, 0.0479590823430466, 0.23607167990695252, 0.013370026139265663, 0.026719991471175864]"
7,"[0.7433971490664877, 0.03283980915960281, 0.220458032892549, 0.001101669787216159, 0.0022033390941454357]"
