Timestep,Probs
1,"[0.2, 0.2, 0.2, 0.2, 0.2]"
2,"[0.43158163202012, 0.054747969455655465, 0.3509003625422732, 0.03794739784190516, 0.12482263814004618]"
3,"[0.5255374153540716, 0.011737455369734745, 0.4315913453925644, 0.019444934726221216, 0.01168884915740797]"
4,"[0.6079406573079621, 0.0014457948505632336, 0.3660949553831836, 0.020307193918515213, 0.004211398539775807]"
5,"[0.604223443396341, 0.006242144743171587, 0.359078935125078, 0.022949204569913464, 0.007506272165495846]"
6,"[0.618004828214285, 0.0006255534742550792, 0.3681860841027586, 0.011270261732184005, 0.0019132724765171206]"
7,"[0.6277528522950637, 3.246375221488075e-5, 0.37136635693638964, 0.0006929753120431157, 0.00015535170428857418]"
