Timestep,Probs
1,"[0.19367588932806337, 0.19367588932806337, 0.22134387351778673, 0.16600790513834002, 0.2252964426877472]"
2,"[0.22254304332438518, 0.2861264135330361, 0.2947972781804282, 0.10982684565385882, 0.08670641930829166]"
3,"[0.2386235424082022, 0.36393042926305397, 0.3458556765368516, 0.027328554632493122, 0.024261797159399096]"
4,"[0.3568583053412272, 0.13122128917991482, 0.4930331770157166, 0.008946017678902372, 0.009941210784238957]"
5,"[0.3461277586140444, 0.028518492305565676, 0.623919766943384, 1.6432293916443624e-5, 0.0014175498430884664]"
6,"[0.12408695057855158, 0.013061205620609834, 0.8620355251911732, 5.087711960023919e-13, 0.0008163186091564133]"
7,"[0.02717927491590408, 0.006161901804093894, 0.9666580696946669, 1.0745220768364902e-9, 7.525108125045388e-7]"
