Timestep,Probs
1,"[0.16666666666666652, 0.17460317460317443, 0.19841269841269815, 0.23412698412698374, 0.22619047619047583]"
2,"[0.232876586858968, 0.22191792353575115, 0.33972485624838655, 0.11780901568985679, 0.08767161766703764]"
3,"[0.2602311419482477, 0.3068186664625187, 0.3451417318296524, 0.04393286206475784, 0.04387559769482296]"
4,"[0.44613589173069657, 0.1035987483637849, 0.422569813897232, 0.008206724187971469, 0.01948882182031488]"
5,"[0.5204446299610155, 0.037588728959436296, 0.43842450842233, 2.9530415232766424e-9, 0.0035421297041784094]"
6,"[0.24812292564016536, 0.016764564343167903, 0.7275685356326774, 7.23865528862443e-17, 0.007543974383989087]"
7,"[0.0559106461952727, 0.005481634498505307, 0.9317694951082209, 1.4390509389110446e-10, 0.006838224054101305]"
