Timestep,Probs
1,"[0.2, 0.2, 0.2, 0.2, 0.2]"
2,"[0.200073056792938, 0.19727412635839084, 0.2016859401884251, 0.20010462892931832, 0.20086224773092773]"
3,"[0.023860117066294425, 0.02526486757330044, 0.024714552536461477, 0.4615812364550787, 0.4645792263688649]"
4,"[0.002968900871054422, 0.022771869083494673, 0.002357417568327157, 0.06606034209303312, 0.9058414703840906]"
5,"[8.591124305697676e-5, 0.0007976431356081146, 8.966969517243501e-5, 0.001991439132153403, 0.9970353367940091]"
6,"[2.978277927495528e-6, 3.321821050517206e-5, 3.7562129712982516e-6, 0.00015377528806249192, 0.9998062720105335]"
7,"[1.6015385580475094e-7, 1.4157806228462713e-6, 1.4251480282128407e-7, 4.72678970926199e-6, 0.9999935547610093]"
