Timestep,Probs
1,"[0.22337662337662342, 0.18441558441558445, 0.16623376623376626, 0.17402597402597406, 0.251948051948052]"
2,"[0.13559350591596694, 0.2322033518509441, 0.07740132553129685, 0.2259884269689464, 0.3288133897328466]"
3,"[0.08082871285026566, 0.2611672959064326, 0.03034933750323689, 0.2462639045276247, 0.38139074921244054]"
4,"[0.009570623346658834, 0.2973264404172718, 0.003591965697571081, 0.2897536231735601, 0.3997573473649384]"
5,"[0.0040735248842391596, 0.08637417633120462, 0.0011625103276816388, 0.7611880977878427, 0.14720169066903058]"
6,"[0.00044546427215601616, 0.0044423853944514915, 0.0017770196502437528, 0.9715649853841597, 0.021770145298987256]"
7,"[9.098371241458687e-7, 0.000588958755218295, 0.0001473013821898436, 0.9957270472016162, 0.0035357828238536137]"
