Timestep,Probs
1,"[0.18735362997658095, 0.20140515222482452, 0.2271662763466044, 0.19203747072599547, 0.19203747072599547]"
2,"[0.1429574468377025, 0.24145966181760245, 0.12423965614305482, 0.22671991623078785, 0.2646233189708526]"
3,"[0.11720432651500305, 0.27185074925409736, 0.07867241580016675, 0.24366727457100718, 0.2886052338597253]"
4,"[0.019883878754183553, 0.2857058628376984, 0.018045801038146604, 0.354550462413746, 0.32181399495622487]"
5,"[0.004417843571223951, 0.03697605049081843, 0.0036814210994989913, 0.913188929925091, 0.04173575491336667]"
6,"[0.00026758018412061313, 0.0034512870448852834, 0.0007222092503083713, 0.9912518069375685, 0.00430711658311492]"
7,"[0.0007745171745068974, 0.0016386150089297356, 0.0035624738998247273, 0.9937146119828472, 0.00030978193389148337]"
