Timestep,Probs
1,"[0.19576719576719573, 0.20899470899470896, 0.21957671957671954, 0.16137566137566134, 0.21428571428571425]"
2,"[0.20223044270904758, 0.27268101373568143, 0.06791715503668373, 0.19361367221479717, 0.2635577163037894]"
3,"[0.19970942588889398, 0.26771865470545547, 0.05342051251990131, 0.19316485091901292, 0.2859865559667379]"
4,"[0.02628797232965887, 0.3030645975024847, 0.026257212010743044, 0.2550486609424318, 0.3893415572146832]"
5,"[0.0012058754503832404, 0.10985668236062068, 0.01548390128649243, 0.7432406693117736, 0.13021287159073047]"
6,"[0.0004091571504145106, 0.0008200922984476971, 0.003683535406582004, 0.9869035139719357, 0.008183701172614993]"
7,"[9.992753040813726e-9, 0.00013112492096935103, 0.0004590372091666252, 0.9985425768450954, 0.0008672510320177574]"
