Timestep,Probs
1,"[0.16999999999999982, 0.23999999999999969, 0.16333333333333316, 0.20666666666666642, 0.21999999999999972]"
2,"[0.0923076700998205, 0.3025641089739671, 0.04102563715174165, 0.27692308618597883, 0.2871794975884915]"
3,"[0.028999754239278724, 0.3121239267798079, 0.02314906571315514, 0.3120842879669911, 0.3236429653007658]"
4,"[0.006756782348118504, 0.2972973165706323, 6.297943522222878e-10, 0.3445945713732916, 0.35135132907816546]"
5,"[2.8211981745135405e-6, 0.07417480111102687, 1.2110138872103533e-16, 0.9255176888683028, 0.0003046888224962157]"
6,"[1.3831366769832114e-12, 4.943073853774006e-8, 1.8121723539421677e-13, 0.9999999499274894, 6.40212613073083e-10]"
7,"[3.412732334089848e-22, 7.432739685569516e-14, 3.330528772481596e-22, 0.9999999999999195, 1.529370215827935e-17]"
