Timestep,Probs
1,"[0.17333333333333314, 0.15333333333333318, 0.23999999999999969, 0.2033333333333331, 0.2299999999999997]"
2,"[0.29761896401403004, 0.2619046886310253, 0.39285713292093916, 0.02380968520533253, 0.0238095292286724]"
3,"[0.31610648774378036, 0.27740065443681855, 0.4064377969357239, 1.9664602437938606e-5, 3.539628123809096e-5]"
4,"[0.44144110583988666, 7.289397150723407e-7, 0.5585581482579689, 5.231703240515827e-12, 1.695719736689263e-8]"
5,"[0.445453928166132, 1.1211147754790312e-10, 0.5545460716982923, 1.0969679721918957e-18, 2.3465193951270404e-11]"
6,"[0.016138982572146944, 2.8204766260111925e-15, 0.9838610174277941, 2.0220803143196614e-25, 5.710758631351134e-14]"
7,"[3.300480030611076e-5, 3.658237227351466e-10, 0.9999669948144331, 1.932008062997906e-11, 1.1461225203814212e-13]"
