Timestep,Probs
1,"[0.22041763341067344, 0.18793503480278462, 0.1763341067285386, 0.22969837587007025, 0.18561484918793542]"
2,"[0.22893008214046423, 0.21159590248253865, 0.039649367768695064, 0.2906953860664449, 0.22912926154185667]"
3,"[0.20118473983358368, 0.2154982810351554, 0.01747101032063014, 0.3115020076303564, 0.2543439611802757]"
4,"[0.013505001133833018, 0.2824267705857372, 0.0030078314200344307, 0.3702382088931866, 0.3308221879672102]"
5,"[0.0006696764753267952, 0.07211549331920014, 0.00017551910386285022, 0.8820388630911078, 0.04500044801049959]"
6,"[5.1445073667693676e-5, 0.00601928180391603, 8.581717588530665e-12, 0.9878327862353131, 0.006096486878523242]"
7,"[0.0003012178255740942, 0.021712555875577664, 1.2712486036871147e-9, 0.9779857290510606, 4.959765347972118e-7]"
