Timestep,Probs
1,"[0.185897435897436, 0.21794871794871806, 0.19871794871794882, 0.17948717948717957, 0.21794871794871806]"
2,"[0.2842636823451041, 0.38578614804980327, 0.20304599788556518, 0.04568573539664943, 0.08121843632287797]"
3,"[0.3319693548319703, 0.421008787722668, 0.2267317087008938, 0.008098347558026235, 0.012191801186440724]"
4,"[0.4827600733883125, 0.14369013230701558, 0.36780204841985786, 0.002873427753069343, 0.002874318131745033]"
5,"[0.5960096250627999, 0.032549038060866606, 0.3713939457377533, 2.005889179488889e-9, 4.738913269152234e-5]"
6,"[0.25590783864190325, 0.016834759079971975, 0.7272571995437044, 1.9945610415864482e-20, 2.0273442005542265e-7]"
7,"[0.06926046166421435, 3.894026961744797e-10, 0.9307395379439466, 2.4037203467560702e-12, 3.297284426277174e-14]"
