Timestep,Probs
1,"[0.16205533596837954, 0.21739130434782625, 0.23320158102766816, 0.19367588932806337, 0.19367588932806337]"
2,"[0.26068909649665806, 0.3325029227478094, 0.37152322604909527, 0.017434771530999534, 0.01784998317543816]"
3,"[0.28961880562868214, 0.343708952608108, 0.3645863549806066, 0.0010390838562032696, 0.0010468029263984043]"
4,"[0.44144874320006455, 0.02884726357634671, 0.5295498305169717, 7.451607926435891e-5, 7.96466273530411e-5]"
5,"[0.4425726240476906, 0.0008961409982664011, 0.5553180144474038, 0.00033427622982562207, 0.0008789442768124357]"
6,"[0.03715558876200621, 6.663901194520661e-5, 0.9622668738124126, 2.221297504904078e-5, 0.0004886854385861913]"
7,"[0.001975095238803872, 4.319259367973188e-6, 0.9979889104699883, 1.439753117136861e-6, 3.02352787244377e-5]"
