Timestep,Probs
1,"[0.1685912240184756, 0.20092378752886814, 0.2147806004618935, 0.2193995381062353, 0.19630484988452634]"
2,"[0.2220374439423628, 0.23588047211729704, 0.021410337493896953, 0.2709487802423613, 0.2497229662040806]"
3,"[0.22334170790084032, 0.25403646669194935, 0.022624062256275185, 0.2674028149345643, 0.2325949482163709]"
4,"[0.013904533358300383, 0.3217479314055334, 0.014383451056717353, 0.3475018877425398, 0.30246219643691086]"
5,"[0.001764498078019455, 0.04404854560033662, 0.02198514503169147, 0.8731337383304507, 0.05906807295950248]"
6,"[0.0009738566000597391, 0.0014617366545597596, 0.0017858874337550348, 0.9931806139883396, 0.002597905323283155]"
7,"[4.154105851333715e-5, 8.299204393278475e-5, 0.00010370660978508901, 0.9996628523778956, 0.00010890790986847954]"
