Timestep,Probs
1,"[0.19580419580419603, 0.22377622377622405, 0.22377622377622405, 0.19580419580419603, 0.160839160839161]"
2,"[0.2305152542387903, 0.3038692517960977, 0.01852220256087797, 0.2413350345311168, 0.20575825687311564]"
3,"[0.22264298719805123, 0.3048420554831621, 0.01762037034098565, 0.24491271557013308, 0.20998187140766741]"
4,"[0.015656015496645116, 0.40196838469868323, 0.0012858523774650417, 0.33206736959967853, 0.2490223778275253]"
5,"[0.002139324025302202, 0.052882144731947474, 0.00025183795558524617, 0.9066898155381883, 0.03803687774897839]"
6,"[0.00085813954663941, 0.0008585372613197872, 0.000572492957032041, 0.9918470216775916, 0.005863808557417458]"
7,"[3.768261826881351e-5, 3.2744561716819e-5, 9.41012240459354e-6, 0.9995366920918374, 0.00038347060576718865]"
