Scenario,Corrolation
1_1,0.9558664788718814
1_2,0.8795997875202005
1_3,0.9799021211428557
1_4,0.9418866898573962
2_1,0.9930346038981179
2_2,0.669010928963566
2_3,-0.10816666343465459
2_4,0.7665868232528222
3_1,0.3852908016140721
3_2,0.3217021183715947
3_3,0.6528053449479347
3_4,0.8702876566095125
4_1,0.04216530516056324
4_2,0.9379395698918258
4_3,0.08397733649612726
4_4,0.9679062847782511
