Scenario,Corrolation
1_1,0.9630494346453169
1_2,0.7947317099740441
1_3,0.9949633736885184
1_4,0.9414779370729094
2_1,0.9847992862363442
2_2,0.867257168489279
2_3,0.21594195049514645
2_4,0.8353778114008313
3_1,0.9274193617095258
3_2,0.500220400498556
3_3,0.8461247742515405
3_4,0.9645648388078313
4_1,0.25242820218788786
4_2,0.9518542966652963
4_3,0.22217044105277312
4_4,0.9654595379772527
