Scenario,Corrolation
1_1,0.9743733170288701
1_2,0.9841858145592922
1_3,0.9908896620479485
1_4,0.9410200602437429
2_1,0.9552451652632896
2_2,0.4967230943803279
2_3,0.20375563744430955
2_4,0.6383741929754154
3_1,0.989231316237693
3_2,0.9767641375175689
3_3,0.888712295400954
3_4,0.9672480163705767
4_1,0.9403277111087414
4_2,0.9479919677163525
4_3,0.6557527246752173
4_4,0.9662648618263666
