Timestep,Probs
1,"[0.21198156682027655, 0.12442396313364047, 0.21198156682027655, 0.23502304147465447, 0.21658986175115214]"
2,"[0.40656912651716154, 0.04783904193140334, 0.41104919479078295, 0.044853837280375425, 0.08968879948027754]"
3,"[0.49536725934574183, 0.04116882964853568, 0.40115260136652664, 0.011286505375709646, 0.05102480426348614]"
4,"[0.4785523869551446, 0.0182959492367133, 0.48370506770810123, 0.015444289316114556, 0.004002306783924799]"
5,"[0.4644664273533081, 0.011357708952296226, 0.5041095678387174, 0.015705357691023387, 0.004360938164654139]"
6,"[0.4138117151963705, 0.019680402548305796, 0.533215651110335, 0.027242283534583116, 0.0060499476104055264]"
7,"[0.38853936306715275, 0.032746941416218533, 0.5731337997563203, 0.00398703964016377, 0.0015928561201441656]"
