Timestep,Probs
1,"[0.1980198019801981, 0.1782178217821783, 0.20297029702970307, 0.21782178217821793, 0.20297029702970307]"
2,"[0.3547845821565893, 0.050438546787950414, 0.4608641001545202, 0.07130297221977977, 0.0626097986811609]"
3,"[0.3544699975176398, 0.009665507496246213, 0.5538998764140477, 0.01941808530711696, 0.0625465332649481]"
4,"[0.3490119872207591, 0.0017867458528732516, 0.6110831342630025, 0.037522458814691614, 0.0005956738486730977]"
5,"[0.35235267091136646, 0.0070924983299253, 0.49303311381107434, 0.1468124779239535, 0.0007092390236801398]"
6,"[0.3236878465671785, 0.0014532641012014115, 0.5923147464856638, 0.0823988186503891, 0.00014532419556672203]"
7,"[0.3766914085083249, 0.0003338186633990014, 0.5877834038854354, 0.0351579875852749, 3.3381357564992823e-5]"
