Timestep,Probs
1,"[0.1686746987951806, 0.1767068273092368, 0.21285140562248978, 0.20883534136546167, 0.2329317269076303]"
2,"[0.24867224700676877, 0.30371806076082475, 0.34186370427148277, 0.05601158237793284, 0.04973440558299019]"
3,"[0.24535683577523176, 0.32893681276595677, 0.4019759973531503, 0.005627194643413215, 0.018103159462249625]"
4,"[0.3769635895254359, 0.02666105115547974, 0.5625409662584026, 0.013328709758834953, 0.020505683301848265]"
5,"[0.3831158538857212, 0.0017852933254761342, 0.5840068042406386, 0.007683555846716982, 0.023408492701446976]"
6,"[0.0799777049762166, 0.00014135015919269437, 0.8929532953995586, 0.0006913339381000127, 0.026236315526933163]"
7,"[0.01998460238297772, 7.368863321864556e-6, 0.9787020783550092, 4.452121397165876e-5, 0.0012614291847187337]"
