Timestep,Probs
1,"[0.174089068825911, 0.21052631578947384, 0.2510121457489881, 0.18218623481781385, 0.18218623481781385]"
2,"[0.42175379303994526, 0.030998059344987866, 0.4580534246100604, 0.04686152788946263, 0.042333195115543544]"
3,"[0.5270771075345122, 0.010989221811735742, 0.43897483516280367, 0.012027180739990359, 0.01093165475095726]"
4,"[0.5951656387162443, 0.00048447048436268383, 0.3809163102483242, 0.018412099207988575, 0.0050214813430811255]"
5,"[0.5455821296712686, 0.0005017117283485732, 0.34353958407938767, 0.10510860164612922, 0.005267972874865667]"
6,"[0.570580195266946, 4.6743979248791704e-5, 0.39384763652473986, 0.02620000036893637, 0.009325423860129894]"
7,"[0.5904766321390589, 3.6533611337443576e-5, 0.39345091720175046, 0.015305250388555564, 0.0007306666592981967]"
