Timestep,Probs
1,"[0.17840375586854468, 0.25352112676056365, 0.21126760563380298, 0.15023474178403756, 0.2065727699530518]"
2,"[0.1702126605209467, 0.2624112987746449, 0.17021338264424174, 0.17021265162415047, 0.22695000643601668]"
3,"[0.039411821237567354, 0.06296201932979145, 0.04978234587465137, 0.37683825794905895, 0.47100555560893004]"
4,"[0.0010404278367862959, 0.004110933016372147, 0.002055468587948826, 0.08633038990621328, 0.9064627806526778]"
5,"[0.00019995126226276806, 0.0004002072714902891, 0.00039990251420160273, 0.010892391210680512, 0.9881075477413668]"
6,"[0.0006406012032688003, 0.0012812047877052396, 0.0006414799094352069, 8.897221679354211e-7, 0.9974358243774263]"
7,"[0.00010281123130764856, 0.00020562246261857786, 0.00010281123369601239, 2.4178502995280337e-12, 0.9995887550699601]"
