Timestep,Probs
1,"[0.16243654822335019, 0.2436548223350251, 0.21319796954314701, 0.16751269035532987, 0.21319796954314701]"
2,"[0.1758433700105169, 0.23268195363265562, 0.2078152512711898, 0.19182937080081497, 0.19183005428482353]"
3,"[0.04206402906615327, 0.05924151812644093, 0.04204184494196638, 0.4031539274723125, 0.4534986803931267]"
4,"[0.0023203537073776866, 0.005800793219682904, 0.0034802658020424634, 0.10092985647290287, 0.8874687307979937]"
5,"[0.00020993716698194096, 0.002309021289510411, 0.0004195867482505474, 0.011972713418449021, 0.9850887413768095]"
6,"[0.0005497424199047704, 1.4190029037088671e-11, 1.4189812761935881e-12, 1.2928496071986193e-11, 0.9994502575515591]"
7,"[8.879801466157633e-5, 3.8815770797993125e-18, 7.30387054657985e-24, 3.881642001979835e-18, 0.99991120198534]"
