Timestep,Probs
1,"[0.16400000000000012, 0.25200000000000017, 0.18000000000000013, 0.17200000000000013, 0.23200000000000018]"
2,"[0.1175990352188309, 0.27276420362204024, 0.06124949435956133, 0.2417313578117332, 0.3066559089878342]"
3,"[0.06369256476173553, 0.28484317092844746, 0.041090965195392695, 0.26772179355594977, 0.3426515055584743]"
4,"[0.005806180514693178, 0.2613252779854146, 0.03506753529434676, 0.29907451867853385, 0.39872648752701056]"
5,"[0.0035312335127340375, 0.05165089978692814, 0.05862519357328117, 0.8315308507750875, 0.054661822351969466]"
6,"[0.00028232228013983407, 0.004630433294210563, 0.0035575010017533833, 0.9816479220995012, 0.009881821324395922]"
7,"[0.00021037907725937976, 0.0002103874332703283, 7.52156897778162e-9, 0.9993687791988151, 0.0002104467690874069]"
