Timestep,Probs
1,"[0.203065134099617, 0.17624521072796945, 0.203065134099617, 0.1992337164750959, 0.2183908045977013]"
2,"[0.18398543039359697, 0.1739294642369929, 0.06294256951535623, 0.2923645558585718, 0.28677797999548194]"
3,"[0.12207725309434508, 0.1656126643257655, 0.030548208862848453, 0.33532132893095895, 0.3464405447860811]"
4,"[0.041563104885048656, 0.1306394985530751, 0.03634176990834783, 0.37925111006272677, 0.4122045165908025]"
5,"[0.00643214639403623, 0.01754422251695238, 0.0058477606840491286, 0.9166866485051205, 0.053489221899840796]"
6,"[0.001183226840548764, 0.0011018640621857777, 0.0010608266755264269, 0.9909002218798187, 0.0057538605419201255]"
7,"[0.0017879497224774393, 1.2178494541330538e-12, 0.00022350248243875446, 0.9979885477937325, 1.353166060147815e-13]"
