Scenario,Corrolation
1_1,0.8992438531650643
1_2,0.9397698767388885
1_3,0.9845321138104479
1_4,0.9933769865585194
2_1,0.9811200931398688
2_2,0.8850563281817735
2_3,0.6477696108622888
2_4,0.6048681082613057
3_1,0.6361891393034258
3_2,0.9271053615890433
3_3,0.9595558087747257
3_4,0.8173802538985296
4_1,0.7721175204572307
4_2,-0.10678289364047837
4_3,0.1796627616100072
4_4,0.84582982795329
