Timestep,Probs
1,"[0.1756373937677052, 0.19830028328611876, 0.19830028328611876, 0.2266288951841357, 0.20113314447592046]"
2,"[0.1658879707754913, 0.2018692280085203, 0.1967290443842054, 0.20373838936710656, 0.23177536746467453]"
3,"[0.0481055702072859, 0.06117834822366108, 0.06498299546432207, 0.36550760749033895, 0.46022547861439234]"
4,"[0.00626583560713381, 0.042608303164221505, 0.003759694182035832, 0.073309180690769, 0.8740569863558393]"
5,"[0.0005636997180850683, 0.0045077444657722725, 0.0003393180603837617, 0.009540664896401136, 0.9850485728593595]"
6,"[0.0003780170774124671, 0.000754985436154024, 1.193588027245631e-11, 5.31642251667213e-7, 0.9988664658322477]"
7,"[6.201904107366853e-5, 6.21041022035835e-5, 3.086753925939104e-19, 1.460550175750353e-12, 0.9998758768552645]"
