Timestep,Probs
1,"[0.18999999999999978, 0.2166666666666664, 0.1933333333333331, 0.21333333333333307, 0.18666666666666645]"
2,"[0.14141414192966537, 0.2626262606672722, 0.015151526926791656, 0.3080808030820045, 0.2727272673942674]"
3,"[0.09347822810316982, 0.2801935279664064, 0.005508915251749015, 0.32963811475976634, 0.2911812139189088]"
4,"[0.006622518887388062, 0.26490067241917514, 1.557444611555508e-10, 0.390728470510774, 0.33774833802691967]"
5,"[2.4485864854504886e-5, 0.00015235649811456848, 8.669725258310015e-16, 0.9996408739764481, 0.00018228366058133574]"
6,"[9.190769174905902e-12, 7.598204745745937e-10, 1.143963376354392e-12, 0.9999999988910712, 3.3877777852091274e-10]"
7,"[2.672493136149716e-21, 1.578032962595028e-16, 7.381978861300618e-24, 1.0000000000000016, 9.740909184350338e-18]"
