Timestep,Probs
1,"[0.19105691056910554, 0.19512195121951204, 0.24796747967479651, 0.15853658536585355, 0.20731707317073153]"
2,"[0.2004793869011562, 0.1950856363785661, 0.25382063305570074, 0.16122243130059116, 0.18939191236398678]"
3,"[0.023822204172703178, 0.038825210829636275, 0.03528582501884536, 0.41545919791405206, 0.48660756206476385]"
4,"[0.0025241642989753533, 0.0016950900031718053, 0.004627621246711522, 0.08582236113813727, 0.9053307633130026]"
5,"[0.00017102055959039832, 0.0007485886381088, 0.0002392820700678116, 0.006930453954983157, 0.9919106547772514]"
6,"[6.898222247699772e-6, 4.590626257921451e-5, 5.507952371430337e-5, 0.0013449056216350442, 0.9985472103698223]"
7,"[0.0007569858396930355, 1.3900874488809724e-11, 0.006055184944883799, 0.0002588833631907364, 0.9929289458383328]"
