Timestep,Probs
1,"[0.20170454545454533, 0.20454545454545442, 0.19034090909090898, 0.21874999999999986, 0.1846590909090908]"
2,"[0.19914025146586023, 0.21585469756566483, 0.1743078058240406, 0.22540591835350623, 0.185291326790928]"
3,"[0.05275607941977239, 0.06918697462627696, 0.07273209472147926, 0.4489301602588348, 0.3563946909736361]"
4,"[0.0023456909486258117, 0.052385859086166546, 0.009382545327692636, 0.10711683723531483, 0.8287690674021987]"
5,"[0.0004557869837117142, 0.005946071536435431, 0.0015361941054772652, 0.016484400224116676, 0.9755775471502607]"
6,"[1.0754314038004951e-13, 0.003338189648506633, 0.0006675520829687997, 0.00033423103750457496, 0.9956600272309176]"
7,"[1.0905238684451325e-25, 0.0004803706840064508, 0.000106732784257337, 5.3366387789607355e-5, 0.9993595301439457]"
