Timestep,Probs
1,"[0.14772727272727265, 0.23011363636363621, 0.2102272727272726, 0.1874999999999999, 0.22443181818181804]"
2,"[0.11638970468767347, 0.21947761204436528, 0.20570079288776666, 0.2009501098003028, 0.2574817805798921]"
3,"[0.041453489439181104, 0.04156445658291573, 0.04305270802239488, 0.3784821127047761, 0.4954472332507317]"
4,"[0.013689850175027454, 0.009126533559635436, 0.002607557271995634, 0.08539869688813255, 0.8891773621052096]"
5,"[0.003314266470299488, 0.0020160169026833407, 0.0004322011544273152, 0.013720235757269128, 0.9805172797153212]"
6,"[0.0003891037934593489, 0.003502421629380991, 0.0003891045898292552, 0.001168895053261632, 0.9945504749340759]"
7,"[6.407924769673315e-5, 0.0005767132441383759, 6.407926109410641e-5, 0.00019223774757030576, 0.9991028904995028]"
