Timestep,Probs
1,"[0.20992366412213764, 0.17175572519083987, 0.19465648854961853, 0.20992366412213764, 0.21374045801526742]"
2,"[0.16685371907878552, 0.2012720561051342, 0.09839142263751408, 0.2790870041959214, 0.25439579798264544]"
3,"[0.0922725693435034, 0.25547932595881623, 0.0789083255940708, 0.2785480189307453, 0.2947917601728633]"
4,"[0.02409728953983973, 0.21944549473026478, 0.02580010605674827, 0.35282754074016737, 0.3778295689329803]"
5,"[0.003041783792285484, 0.031751326616803494, 0.004565878525838141, 0.8531970948188627, 0.10744391624621005]"
6,"[0.00017579832568797373, 0.0028131594492799383, 0.0003076470459277372, 0.9872515437939481, 0.009451851385155823]"
7,"[0.00024187478505116483, 0.00024187574560451038, 0.0007256243542744113, 0.9973393176891228, 0.0014513074259476092]"
