Timestep,Probs
1,"[0.19277108433734924, 0.23694779116465842, 0.1646586345381525, 0.20080321285140545, 0.20481927710843356]"
2,"[0.13707949935035366, 0.30350744675176416, 0.06370803112600534, 0.26127411796309874, 0.23443090480877776]"
3,"[0.06897336083727944, 0.32282804869823534, 0.036366267371011264, 0.32058918824626714, 0.25124313484720684]"
4,"[0.005251302361067592, 0.3173319161743185, 0.005051111091351637, 0.3730806191669667, 0.29928505120629484]"
5,"[0.0012443182967667138, 0.04182500479255419, 0.0025008211160438927, 0.9038748705883759, 0.050554985206259895]"
6,"[8.396982517232092e-5, 0.0037371280518220585, 0.00012595791023070483, 0.9878235146036924, 0.008229429609081967]"
7,"[0.00025075072012874125, 0.0007500592466436203, 0.0005130669468006569, 0.9979860885636199, 0.0005000345228119025]"
