Scenario,Corrolation
1_1,0.6338043606352043
1_2,0.9841114607614335
1_3,0.993419751543274
1_4,0.9413558130430062
2_1,0.7983896690120393
2_2,0.6755207105033664
2_3,0.014915114264482237
2_4,0.9581750822478592
3_1,0.990803091154862
3_2,0.972157752855628
3_3,0.8431588554538747
3_4,0.8044729085784411
4_1,0.9705721199247033
4_2,0.9721585919468956
4_3,0.9785830108764346
4_4,0.9672045418994633
