Scenario,Corrolation
1_1,0.9353281494857133
1_2,0.9775893267682829
1_3,0.9959441481737563
1_4,0.9423923326548695
2_1,0.9247771059133516
2_2,0.4950905390469361
2_3,0.28487049859956426
2_4,0.43610817801603
3_1,0.9906937442881513
3_2,0.9516288171902766
3_3,0.8509613983051987
3_4,0.8904874649650805
4_1,0.9775522317952035
4_2,0.9758359295865917
4_3,0.9810028048837832
4_4,0.9664268516510329
