Timestep,Probs
1,"[0.20400000000000015, 0.18400000000000014, 0.20800000000000016, 0.21600000000000016, 0.18800000000000014]"
2,"[0.3228071015982486, 0.29824537425067577, 0.3333331084725264, 0.03859674960034995, 0.0070176660781985385]"
3,"[0.33076463017233465, 0.31536615336021057, 0.34229784056618134, 0.007720307583068116, 0.0038510683182051532]"
4,"[0.5029581098333183, 9.031048697527181e-7, 0.47928949217568834, 0.011834341058837215, 0.005917153827285401]"
5,"[0.5059482497313922, 1.382784336329535e-10, 0.47619475303652065, 0.011904664744569684, 0.0059523323492388265]"
6,"[0.0470721080940267, 2.0575881991186912e-15, 0.9411631532601328, 1.9950680033418259e-7, 0.011764539139037439]"
7,"[2.86482169558138e-5, 1.2043104387919032e-9, 0.9999693762766938, 1.3612364888394066e-10, 1.9741659099746613e-6]"
