Timestep,Probs
1,"[0.2, 0.2, 0.2, 0.2, 0.2]"
2,"[0.1986841083536873, 0.20269947660450327, 0.1998590628010569, 0.19965558819894394, 0.19910176404180857]"
3,"[0.02384595385296737, 0.026647955281824107, 0.024450067667107247, 0.46297607916519923, 0.46207994403290215]"
4,"[0.0030325013395274014, 0.024514836414376972, 0.0024802656312535544, 0.06484335525808027, 0.9051290413567618]"
5,"[8.98448213825163e-5, 0.0009077137985583705, 7.546347924416003e-5, 0.001991646529638843, 0.9969353313711762]"
6,"[3.236126158631901e-6, 3.7953852122397844e-5, 2.936979372143367e-6, 0.00016491190631801037, 0.9997909611360288]"
7,"[1.672345901681161e-7, 1.6189189918481883e-6, 1.0833736037168305e-7, 5.0981898831345465e-6, 0.9999930073191744]"
