Timestep,Probs
1,"[0.17142857142857126, 0.20816326530612222, 0.13061224489795908, 0.2653061224489793, 0.2244897959183671]"
2,"[0.1572604286945722, 0.20904112561867189, 0.1312328709226814, 0.2723285752744625, 0.2301369994896126]"
3,"[0.017571605093113514, 0.027097307141579603, 0.01578975353344763, 0.4888248235542859, 0.4507165106775731]"
4,"[0.0012040935932575926, 0.02528759228107187, 0.0036126510278506937, 0.0596039519239873, 0.9102917111738319]"
5,"[4.153951640000335e-5, 0.001699281875315073, 0.0002485174168632317, 0.005581901632465093, 0.9924287595589587]"
6,"[0.0002522676864157761, 0.000252266709045933, 0.0012613334154217913, 0.0012635250311638002, 0.9969706071579492]"
7,"[8.859319029327854e-7, 5.180878572550294e-9, 6.482506144394896e-5, 8.050676620411859e-5, 0.9998537770595692]"
