Timestep,Probs
1,"[0.23228346456692883, 0.18897637795275568, 0.1811023622047242, 0.22440944881889735, 0.17322834645669272]"
2,"[0.5335620734830059, 0.04553704064704849, 0.3274950529576955, 0.04845428856301973, 0.04495154434923079]"
3,"[0.6095036784341105, 0.021632869697693673, 0.34778843584597097, 0.013364195060549052, 0.007710820961676261]"
4,"[0.6284603477388033, 0.010947962595601837, 0.33729140904022936, 0.022135603844194943, 0.0011646767811701838]"
5,"[0.540790538632832, 0.16945409046279378, 0.27531807058452246, 0.01327506478572637, 0.0011622355341243142]"
6,"[0.5622293907679473, 0.12521553939958802, 0.26509587963901055, 0.028329038549535362, 0.0191301516439194]"
7,"[0.6087032618853155, 0.11118382915487168, 0.2712248864753192, 0.0019010118375495783, 0.006987010646942869]"
