Timestep,Probs
1,"[0.24714828897338423, 0.19391634980988606, 0.18631178707224347, 0.21292775665399255, 0.15969581749049439]"
2,"[0.5373360928175296, 0.05312752177483218, 0.3525367903802329, 0.03762968615065104, 0.01936990887675402]"
3,"[0.5601500535423951, 0.026386178006921186, 0.380727427049613, 0.026624127047957732, 0.0061122143531120235]"
4,"[0.6368962313374421, 0.001172057144687668, 0.33403675013264006, 0.022503498416854905, 0.00539146296837513]"
5,"[0.45330193775933847, 0.004198437754637024, 0.5248149970399933, 0.01348567513506227, 0.004198952310968409]"
6,"[0.4416229050969631, 0.00043402707697673794, 0.5282115147825548, 0.01280449704535268, 0.016927055998150982]"
7,"[0.430699526711948, 2.9077055436822734e-5, 0.5677089886622447, 0.0005678446385231575, 0.0009945629318479745]"
