Timestep,Probs
1,"[0.21266968325791874, 0.17194570135746615, 0.2036199095022626, 0.16742081447963808, 0.2443438914027152]"
2,"[0.3763827817123723, 0.2656822110746541, 0.28782274211680015, 0.028291011510058882, 0.04182125358611467]"
3,"[0.40283768181218743, 0.3098416391001588, 0.2788863343268533, 0.0026857897714871537, 0.005748554989314103]"
4,"[0.6089059766905833, 0.05363626482024276, 0.3341574964894614, 0.0024751843069569356, 0.0008250776927546489]"
5,"[0.6352147561457762, 0.006188422176494921, 0.35802656772965585, 0.0004276904395268395, 0.00014256350854616398]"
6,"[0.17171670413843362, 0.001577530355842904, 0.8265578755161779, 9.859335719897013e-5, 4.9296632346573e-5]"
7,"[0.02145426297310393, 0.0007151096497021362, 0.9771164962450727, 0.0007141310987310284, 3.338915418035852e-11]"
