Timestep,Probs
1,"[0.2139737991266377, 0.24890829694323166, 0.17030567685589523, 0.148471615720524, 0.21834061135371194]"
2,"[0.3806294534578195, 0.14714591141022876, 0.3220713494545302, 0.04955134886944538, 0.10060193680797601]"
3,"[0.524454036782272, 0.08492468147988655, 0.34463647907064854, 0.008677814589641779, 0.03730698807755184]"
4,"[0.6119276689425618, 0.04641803592265256, 0.3344161701046784, 0.0052416304391883954, 0.00199649459091887]"
5,"[0.6211167632069233, 0.03770296316164558, 0.33819089360762955, 0.0005993374454260664, 0.0023900425783760465]"
6,"[0.6109886210130124, 0.020341000999283914, 0.36471398590777043, 0.0008793082528874514, 0.0030770838270460696]"
7,"[0.6398220099531648, 0.002644949805949872, 0.35642077421097473, 8.262322061958124e-5, 0.001029642809293701]"
