Timestep,Probs
1,"[0.18828451882845199, 0.2301255230125525, 0.1966527196652721, 0.15481171548117156, 0.2301255230125525]"
2,"[0.465547107047098, 0.07907173617638238, 0.3254922850012149, 0.02269488388461507, 0.10719398789068976]"
3,"[0.5385600263660646, 0.058674744577428405, 0.36177890881995306, 0.01057643924052415, 0.030409880996028815]"
4,"[0.6242307806420447, 0.03502930723596274, 0.3237380025802408, 0.013349636152152624, 0.00365227338960084]"
5,"[0.6088726455422856, 0.04379421956158835, 0.33422723369056584, 0.008215853140332938, 0.004890048065227057]"
6,"[0.5735656844271991, 0.03727121565095954, 0.37493492923838456, 0.011492273441954685, 0.002735897241500487]"
7,"[0.6035745752368269, 0.031198390654253675, 0.36425912306987046, 0.000818282684073413, 0.00014962835497601788]"
