Timestep,Probs
1,"[0.18503937007873994, 0.23228346456692883, 0.19291338582677142, 0.18897637795275568, 0.2007874015748029]"
2,"[0.19296373690591478, 0.238006445643098, 0.2033582710263519, 0.15778252731037706, 0.20788901911425753]"
3,"[0.11290846144060805, 0.07688259463531429, 0.026126013561715098, 0.3350375069255352, 0.44904542343682724]"
4,"[0.010884374588733182, 0.08934239742414041, 0.003174747669625604, 0.03446811791517584, 0.8621303624023239]"
5,"[0.0007817548690727188, 0.006878721236280179, 0.0002345340037887428, 0.002405744001108382, 0.9896992458897498]"
6,"[0.0002209513974531346, 1.2039534873497404e-11, 0.00022095226309587552, 0.00044252681483434393, 0.9991155695125818]"
7,"[7.143106339944801e-6, 4.283153489354425e-21, 1.4424707967515702e-5, 2.884939054239845e-5, 0.999949582795147]"
