Timestep,Probs
1,"[0.20800000000000016, 0.19200000000000014, 0.21000000000000016, 0.18400000000000014, 0.20600000000000016]"
2,"[0.21237112575449468, 0.19587631555580381, 0.20618556072183325, 0.17938143810819884, 0.2061855598596677]"
3,"[0.005788542892080261, 0.00010993643759328836, 0.005785945968416916, 0.4600839845112321, 0.5282315901906794]"
4,"[2.2488892297686543e-9, 4.2714284140428784e-8, 2.249206601704068e-9, 1.8209904457039174e-7, 0.9999997706885748]"
5,"[4.96157105133381e-10, 8.328749607519844e-9, 7.247248055278766e-11, 1.464053696068838e-7, 0.9999998446972629]"
6,"[1.1696595113713866e-18, 2.331853274293492e-18, 1.1655801101156207e-18, 5.5978346792738315e-12, 0.9999999999944121]"
7,"[3.3429147089263686e-28, 6.685677039989805e-28, 3.3428259752336304e-28, 8.497446719420932e-16, 1.000000000000005]"
