Timestep,Probs
1,"[0.22000000000000017, 0.19200000000000014, 0.18400000000000014, 0.20000000000000015, 0.20400000000000015]"
2,"[0.17293776561209476, 0.2366133882203802, 0.04667178066034749, 0.2547032032846139, 0.2890738622225637]"
3,"[0.08870379128870519, 0.2669475178341668, 0.020341288903813554, 0.27312056790099987, 0.35088683407231364]"
4,"[0.005832194060017839, 0.24599278438399133, 0.001424211722946079, 0.2963302752768089, 0.45042053455623837]"
5,"[0.0006559553715625877, 0.03614432699717259, 0.0013083330238625609, 0.8948027898430926, 0.06708859476430817]"
6,"[4.7445070426800104e-5, 0.0021828810871406847, 9.48893450958926e-5, 0.9934045681129665, 0.004270216384371105]"
7,"[0.00021466663399008194, 8.527477484824791e-10, 0.00021466663632976025, 0.9993559992429394, 0.00021466663399008194]"
