Timestep,Probs
1,"[0.2009569377990434, 0.1842105263157897, 0.2224880382775124, 0.16507177033492837, 0.22727272727272774]"
2,"[0.22031791328228273, 0.184822378470715, 0.18989303410790756, 0.1676876183586931, 0.23727905578040306]"
3,"[0.042452612669623545, 0.03136257239789389, 0.0206710410931249, 0.4059996357204772, 0.4995141381188818]"
4,"[0.0016718521756188007, 0.018668053383084512, 0.0025076378606354623, 0.04792505159980716, 0.9292274049808535]"
5,"[7.554979698921832e-5, 0.0008881503684275521, 0.00011536504451704014, 0.003097592210536864, 0.9958233425795305]"
6,"[3.760869929534205e-6, 5.3922911762392e-5, 6.262116821623205e-6, 0.0002818387186113258, 0.9996542153828738]"
7,"[4.668887559089994e-8, 0.0002943559104761033, 0.0005803190460246647, 0.00014509777960858348, 0.9989801805750125]"
