Timestep,Probs
1,"[0.18623481781376527, 0.1902834008097167, 0.21457489878542527, 0.2186234817813767, 0.1902834008097167]"
2,"[0.39243770116577265, 0.08357716595717299, 0.3880731814025248, 0.05669074000761374, 0.07922121146691508]"
3,"[0.4934954060664436, 0.04852619428894097, 0.41758979282730546, 0.012636049493255268, 0.02775255732405483]"
4,"[0.5899161970577821, 0.0037134981263057623, 0.3795729722074568, 0.025205653175396407, 0.0015916794330601539]"
5,"[0.558154371523539, 0.0035846922979864706, 0.40789031385472935, 0.02901084714885075, 0.0013597751748929089]"
6,"[0.5560613999715524, 0.0016909489852431699, 0.4213946436437704, 0.019771721495119146, 0.0010812859043140704]"
7,"[0.5210536307558202, 0.0018146557942631846, 0.4761643781168742, 0.0008708709994950938, 9.646433354543594e-5]"
