Timestep,Probs
1,"[0.1882352941176473, 0.17254901960784333, 0.1882352941176473, 0.26666666666666705, 0.1843137254901963]"
2,"[0.42885617655774233, 0.08631003994243808, 0.34187607013908716, 0.03506577991653593, 0.1078919334441955]"
3,"[0.4817608975041935, 0.03989354056326994, 0.4357025138405086, 0.01828959446392183, 0.024353453628106442]"
4,"[0.5282391068618485, 0.01400811498164794, 0.422952725615247, 0.013110184170751538, 0.02168986837050277]"
5,"[0.5414537858756532, 0.01700487704288894, 0.39789782413407543, 0.01643716869572609, 0.02720634425165658]"
6,"[0.541890357017817, 0.009238164325826408, 0.3918996052154661, 0.01675643336836927, 0.04021544007252053]"
7,"[0.5981492721778481, 0.0014761689872322304, 0.39635077203699104, 0.0011115805499511766, 0.0029122062479774538]"
