Timestep,Probs
1,"[0.20233463035019428, 0.1984435797665367, 0.16342412451361854, 0.19455252918287913, 0.24124513618677002]"
2,"[0.48345402628478135, 0.05159052269601607, 0.29629503290299386, 0.05159196503111473, 0.11706845308509375]"
3,"[0.5365906168797527, 0.02849142117742307, 0.33388949933624984, 0.0501680899826743, 0.0508603726239011]"
4,"[0.5420322946726993, 0.024336091684281587, 0.32915841651031297, 0.05653839302812624, 0.047934804104582056]"
5,"[0.5553283737974531, 0.017735606692980067, 0.33134109499273284, 0.05577685784840386, 0.039818066668429]"
6,"[0.5347762003302056, 0.019788307177690808, 0.36137312147402034, 0.07145416979407213, 0.01260820122400995]"
7,"[0.6393524895472996, 0.01689868733107689, 0.33673130668037615, 0.005942164587036582, 0.0010753518542123061]"
