Timestep,Probs
1,"[0.18875502008032113, 0.16064257028112439, 0.25301204819277084, 0.18875502008032113, 0.20883534136546167]"
2,"[0.4197347535164168, 0.029363736217744723, 0.4503385243648745, 0.03747805123036888, 0.06308493467059419]"
3,"[0.4544936193711309, 0.008519373385669483, 0.5030067417475521, 0.02708590420979003, 0.006894361285856027]"
4,"[0.5073204837732392, 0.0059049687487395435, 0.4608440731281813, 0.025416999388097064, 0.00051347496174023]"
5,"[0.38845610794260765, 0.0009478117311981793, 0.595676362499661, 0.014446535170726735, 0.0004731826558062917]"
6,"[0.37687802928193986, 0.012619535637961043, 0.5745363144124235, 0.030125468652682192, 0.00584065201499499]"
7,"[0.3492638683025112, 0.0005886345035555615, 0.6478346219411076, 0.0018046662020642199, 0.0005082090507629325]"
