Timestep,Probs
1,"[0.16025641025641033, 0.1923076923076924, 0.1923076923076924, 0.2628205128205129, 0.1923076923076924]"
2,"[0.122951597178909, 0.26639233259084627, 0.06967275295724355, 0.3278689788995815, 0.21311433837341914]"
3,"[0.11977647996444318, 0.30236871606775073, 0.05474391025918699, 0.35497505941144397, 0.16813583429717474]"
4,"[0.04257940458017122, 0.330899858339759, 0.0182486898849394, 0.4330901219637896, 0.1751819252313407]"
5,"[0.02371092153042798, 0.13457064714512912, 0.007907500427049817, 0.7428779573595788, 0.09093297353781374]"
6,"[0.015447220408412963, 0.06949168371184752, 0.007721256430786487, 0.8648679780704892, 0.04247186137846525]"
7,"[0.004432531602093464, 0.019779337982426162, 0.002234253271845514, 0.9624279216226788, 0.011125955520955336]"
