Timestep,Probs
1,"[0.20000000000000015, 0.22000000000000017, 0.20800000000000016, 0.19200000000000014, 0.18000000000000013]"
2,"[0.3069561817796077, 0.30999992648141506, 0.30695659667697417, 0.03478272872769811, 0.04130456633430565]"
3,"[0.26332304480989494, 0.3747558124318619, 0.34236982100444946, 0.0027656677392812693, 0.01678565401451191]"
4,"[0.4064193272324149, 0.02960004588002105, 0.5629111036551684, 0.0003565072662550315, 0.0007130159661422001]"
5,"[0.3976337780323641, 0.0015970642731216597, 0.6007222222448139, 2.3433780578379922e-5, 2.350166912194331e-5]"
6,"[0.0288562086515584, 0.0004359806533382934, 0.9707055273478774, 7.344687009942336e-10, 2.282612756865547e-6]"
7,"[0.000993445517069094, 0.002978180468300685, 0.996028373027396, 9.858857765341583e-10, 1.3524013956796021e-12]"
