Timestep,Probs
1,"[0.1854838709677418, 0.2016129032258063, 0.21370967741935468, 0.19758064516129017, 0.2016129032258063]"
2,"[0.28256510062752777, 0.29058125781559346, 0.3066130462502294, 0.0745492415968102, 0.04569135370983965]"
3,"[0.34210205046507935, 0.3068709364313478, 0.3081936917222838, 0.03873549123134249, 0.004097830149946767]"
4,"[0.5187529537356683, 0.026229960656972726, 0.4113626376957089, 0.043331355524702436, 0.0003230923869479625]"
5,"[0.527670365643992, 0.0008493818547093292, 0.4198703557296818, 0.05136075465604912, 0.00024914211556597215]"
6,"[0.08191259178155628, 9.485347079995788e-5, 0.9131233783654582, 0.0042684162570620935, 0.0006007601251226756]"
7,"[0.0049525468042167795, 6.568792646405672e-6, 0.9940358801531223, 0.0009634018965328486, 4.160235348041182e-5]"
