Timestep,Probs
1,"[0.17226890756302504, 0.22268907563025175, 0.15126050420168058, 0.22268907563025175, 0.23109243697478954]"
2,"[0.20642123474719962, 0.29357710320900643, 0.1032113376245457, 0.1743127132424725, 0.22247761117677534]"
3,"[0.11227383497445612, 0.1854745221803341, 0.04401063974616195, 0.2827850325007111, 0.3754559705983374]"
4,"[0.057816280108495086, 0.1263385961833399, 0.02783743925655968, 0.15417583332250487, 0.6338318511291008]"
5,"[0.010717155595607843, 0.04895080559636092, 0.009143546880447212, 0.05037603036295915, 0.880812461564625]"
6,"[0.002269699454811718, 0.010591192703219201, 0.0030256084591903307, 0.015129980745094468, 0.9689835186376844]"
7,"[1.951289971539803e-9, 9.775693304858512e-10, 1.1889158371134737e-11, 7.897967905944797e-8, 0.9999999180795726]"
