Timestep,Probs
1,"[0.17338709677419342, 0.2016129032258063, 0.20564516129032243, 0.22177419354838693, 0.19758064516129017]"
2,"[0.15789460187462492, 0.22883338550949933, 0.22883246883857455, 0.1762017411935527, 0.20823780258374902]"
3,"[0.09855139642548669, 0.15157689039319028, 0.12892713451371107, 0.31548389824270767, 0.3054606804249043]"
4,"[0.043478491946081166, 0.09178914322511886, 0.07246398857536293, 0.12560527745902933, 0.6666630987944078]"
5,"[0.005141297298963873, 0.028639509936793435, 0.02866378195203334, 0.04217088667110329, 0.8953845241411105]"
6,"[0.0030989973280091407, 0.011364934274939825, 0.0072329452819687706, 0.019628325535125533, 0.9586747975799577]"
7,"[1.278942366477316e-12, 0.0011056323262356239, 8.390164932685526e-9, 2.6900419690610594e-6, 0.9988916692403506]"
