Timestep,Probs
1,"[0.2, 0.2, 0.2, 0.2, 0.2]"
2,"[0.19998456221427938, 0.19972774834144583, 0.2004758896807338, 0.20002283613449579, 0.19978896362904516]"
3,"[0.006120104047519081, 0.00661788212197134, 0.006153517235391864, 0.49091613577601745, 0.4901923608191003]"
4,"[0.0001751001848752928, 0.006525888633375266, 0.00015683158491502482, 0.014167963760063178, 0.9789742158367712]"
5,"[8.801470491987205e-7, 4.964222594912693e-5, 1.2002730230341564e-6, 7.370596319054475e-5, 0.9998745713907882]"
6,"[1.0819353277653346e-8, 6.634610055160961e-7, 1.642083550431824e-8, 1.1701038463441664e-6, 0.9999981391949593]"
7,"[1.3773523169923842e-10, 9.22898832895291e-9, 2.3056749528047083e-10, 6.351035368026134e-9, 0.9999999840516736]"
