Scenario,Corrolation
1_1,0.8473539428819251
1_2,0.9484167573394788
1_3,0.9635176079134801
1_4,0.9958614297793179
2_1,0.9701283757371029
2_2,0.929805369419644
2_3,0.829740370540954
2_4,0.46476809166249483
3_1,0.8199600549720106
3_2,0.9341288041679234
3_3,0.8764056522535927
3_4,0.5717341426826522
4_1,-0.009383437939799724
4_2,0.2720039857407531
4_3,0.17740840326486923
4_4,0.9041148588890343
