Scenario,Corrolation
1_1,0.9519403617122845
1_2,0.9473688217030706
1_3,0.8736428511858702
1_4,0.9881272598164695
2_1,0.9608947951707218
2_2,0.9551683320690547
2_3,0.829388299068965
2_4,0.4182081699125431
3_1,0.8173738020962301
3_2,0.7472985984534032
3_3,0.9463243465166291
3_4,0.7522838265739635
4_1,0.9627499414935516
4_2,-0.13687486655494208
4_3,-0.21257581709215384
4_4,0.9041884706637926
