Scenario,Corrolation
1_1,0.9017494316833835
1_2,0.9564494995004839
1_3,0.9645248506844809
1_4,0.9835234765986962
2_1,0.9355081374234094
2_2,0.8481583009246745
2_3,0.8199624693892579
2_4,0.5366537745309652
3_1,0.9199042081910649
3_2,0.9561262275201492
3_3,0.7443850995309486
3_4,0.891204040232187
4_1,0.9822591377985496
4_2,0.20170857602124587
4_3,-0.06465216331921184
4_4,0.934338882537909
