Scenario,Corrolation
1_1,0.9244929436669868
1_2,0.9172139503420303
1_3,0.9591304866002799
1_4,0.9887412357411937
2_1,0.891850531058619
2_2,0.9443341665803191
2_3,0.6895728866009619
2_4,0.6066826701208645
3_1,0.8414322447926126
3_2,0.8956531728474
3_3,0.9025292007096286
3_4,0.9277759001715992
4_1,-0.12059252117566648
4_2,0.2125259451190925
4_3,0.8108260888440255
4_4,0.8667902793486698
