Timestep,Probs
1,"[0.17509727626459126, 0.214007782101167, 0.18677042801556398, 0.19455252918287913, 0.2295719844357973]"
2,"[0.3740459502605702, 0.10825644897492769, 0.3761254037250019, 0.06592750850946688, 0.07564468853003266]"
3,"[0.4439890834906415, 0.055386247626953475, 0.4111519125593729, 0.05488262815969754, 0.03459012816333526]"
4,"[0.4831282348918592, 0.010121459162138592, 0.4500646047491275, 0.05556110062394016, 0.001124600572933234]"
5,"[0.46312668634185505, 0.015781998375197136, 0.46306587202853194, 0.056968029548286496, 0.0010574137061290043]"
6,"[0.43923035160407575, 0.014811816215796293, 0.48079370872114396, 0.06474468289857113, 0.0004194405604115523]"
7,"[0.5381253681373913, 0.0012015597356529787, 0.45652722426467185, 0.00408269187329915, 6.315598898631105e-5]"
