Timestep,Probs
1,"[0.21999999999999972, 0.15999999999999984, 0.19666666666666643, 0.1799999999999998, 0.243333333333333]"
2,"[0.22799994875154084, 0.1719999258034707, 0.1720002026187462, 0.1799999892953611, 0.24799993353088223]"
3,"[0.02953898453344665, 0.019708090251960516, 0.00989810641699809, 0.3822264242113049, 0.5586283945862891]"
4,"[1.1005981799490962e-8, 0.03508778980547091, 3.668274090265583e-9, 1.4305197784312116e-7, 0.964912052468298]"
5,"[3.9859241116529166e-11, 5.296515889184834e-5, 1.008783262825738e-11, 6.537912024138457e-8, 0.999946969412047]"
6,"[3.9013106298613605e-21, 1.3995101789041006e-13, 8.02738812728677e-24, 1.020227178574164e-11, 0.9999999999896536]"
7,"[1.4035269940677657e-32, 2.7087161644591556e-20, 3.208795139615434e-36, 2.167303213004981e-18, 0.9999999999999996]"
