Timestep,Probs
1,"[0.18400000000000014, 0.22000000000000017, 0.21200000000000016, 0.18600000000000014, 0.19800000000000015]"
2,"[0.29054036966491215, 0.35135100715656, 0.32770249332549223, 0.016892389351680522, 0.013513740501356477]"
3,"[0.29077743572647863, 0.3581496502112356, 0.3404102496445249, 0.0035610672607636357, 0.007101597156998904]"
4,"[0.48235196275500647, 1.9935890977414774e-6, 0.5117636669793306, 0.005882363148198147, 1.3528367143206469e-8]"
5,"[0.47929041034386094, 1.6970259023606424e-10, 0.5147924350151759, 0.005917154455988894, 1.5273727147930663e-11]"
6,"[0.022483634460466834, 2.456388236964979e-15, 0.9775163652784791, 2.6101454623131215e-10, 3.978273813337662e-14]"
7,"[4.012406003647525e-6, 6.3564496967281e-10, 0.9999959863997554, 5.056414485704026e-10, 5.295808396464811e-11]"
