Timestep,Probs
1,"[0.1799999999999998, 0.22666666666666638, 0.18999999999999978, 0.19666666666666643, 0.20666666666666642]"
2,"[0.4526313704051567, 0.021052817186612213, 0.49473658882910226, 0.02105274456054765, 0.010526479018580833]"
3,"[0.47252430680543295, 0.010990612255587789, 0.505492793795621, 3.3497753697028044e-6, 0.01098893736798916]"
4,"[0.5058823519731592, 0.011764705860215816, 0.48235294162002335, 2.7330137406864876e-10, 2.7330086120648804e-10]"
5,"[0.46236559138418853, 0.09677419354552821, 0.4408602150421847, 2.7754567652994894e-11, 3.4264905598299895e-13]"
6,"[0.9999985046811145, 1.4198101907755695e-6, 7.147694989221252e-8, 5.5832855997193136e-12, 4.026161717036676e-9]"
7,"[0.5119011820945435, 8.261487866235926e-6, 0.48809055347919494, 2.868012185818005e-9, 7.0383316213239e-11]"
