Timestep,Probs
1,"[0.1933333333333331, 0.21333333333333307, 0.17666666666666647, 0.17333333333333314, 0.243333333333333]"
2,"[0.5434779399453477, 0.03260892083268257, 0.38043457886924475, 0.021739229043886383, 0.021739331308838785]"
3,"[0.5617948665248209, 0.033707691991994464, 0.393256406567388, 3.4250566221260085e-6, 0.01123760985917513]"
4,"[0.6024096375425743, 0.03614457825255444, 0.3614457839249768, 5.266571378100124e-15, 2.798911628504486e-10]"
5,"[0.5494505494495648, 0.12087912087890448, 0.32967032967148985, 5.33729379679839e-17, 3.896224009186998e-14]"
6,"[0.9729326081041423, 1.540611347844543e-6, 0.027024606923819413, 3.8365288765234e-9, 4.124052416367275e-5]"
7,"[0.9943978904653334, 7.672823228899201e-5, 0.00552443272480739, 1.2993993511996978e-9, 9.472781689918836e-7]"
