Timestep,Probs
1,"[0.19413919413919392, 0.24542124542124502, 0.17582417582417567, 0.20512820512820487, 0.17948717948717932]"
2,"[0.14042575549225753, 0.22553301547656274, 0.10425549943590666, 0.32340311212095335, 0.206382617474319]"
3,"[0.10674457675726529, 0.3000277086733266, 0.07976065942514525, 0.30231028143207517, 0.21115677371218794]"
4,"[0.03506513668215654, 0.2922075617228809, 0.023376867206891357, 0.3688311509631698, 0.2805192834249002]"
5,"[0.02042367874846324, 0.1517560437389876, 0.011686358080524036, 0.6295305918724206, 0.18660332755960413]"
6,"[4.333978499905618e-9, 0.03859163691075682, 0.006431427155216543, 0.9083433537481117, 0.04663357785193883]"
7,"[6.617956213904677e-15, 0.01206329654487038, 1.6315257032739651e-6, 0.977570569226548, 0.010364502702871555]"
