Timestep,Probs
1,"[0.2133333333333332, 0.23333333333333317, 0.2133333333333332, 0.17333333333333328, 0.16666666666666663]"
2,"[0.21843071867301736, 0.20477800580886532, 0.20819117332145556, 0.2047777517803718, 0.16382235041629029]"
3,"[0.12402821049729322, 0.06820713286331705, 0.13607412278342518, 0.41574522337899267, 0.25594531047697183]"
4,"[0.056604698549079, 0.03301969849406445, 0.08019032978697999, 0.2264171636469181, 0.6037681095229583]"
5,"[0.014506536024683367, 0.008704778847798187, 0.037745096309587056, 0.06984988142293126, 0.8691937073949999]"
6,"[0.0058822020872323745, 0.002941105973910579, 0.010294057204676561, 0.016177451995341426, 0.964705182738838]"
7,"[1.5425437933909707e-10, 0.0, 2.3438561125962916e-13, 1.0338656287617208e-6, 0.9999989659798858]"
