Timestep,Probs
1,"[0.20772946859903382, 0.16425120772946866, 0.18357487922705318, 0.19806763285024157, 0.24637681159420285]"
2,"[0.20063186143917155, 0.14928951519713185, 0.1374409657789257, 0.20616108600798422, 0.3064765715767868]"
3,"[0.04792340110530927, 0.06308037813401517, 0.026978015114250617, 0.35449896043945633, 0.5075192452069686]"
4,"[0.0010494761639129083, 0.07765068687927326, 0.004197253935156729, 0.07555204907413576, 0.8415505339475221]"
5,"[0.00022647046585995962, 0.0126854526786353, 0.0006797220572188899, 0.00989939320708314, 0.9765089615912016]"
6,"[0.0005987943975644415, 0.0011975885153873989, 0.0011975896547751607, 3.131468218407213e-12, 0.9970060274291456]"
7,"[9.950406297300549e-5, 9.964055688654865e-5, 0.00019900812594918606, 5.443493051540883e-20, 0.9996018472541922]"
