Timestep,Probs
1,"[0.16806722689075615, 0.24369747899159622, 0.2016806722689073, 0.16386554621848726, 0.22268907563025175]"
2,"[0.2502424958499331, 0.37245344702170474, 0.2706107644532055, 0.04170732352415339, 0.06498596915100285]"
3,"[0.3030914487739093, 0.39756056676031376, 0.28967815543686537, 0.004320030836138142, 0.005349798192772027]"
4,"[0.5073286085231922, 0.0725892889397612, 0.4182005985896124, 0.0011293341012508934, 0.0007521698461851657]"
5,"[0.5588571947537264, 0.013933035829480071, 0.4266225159507348, 5.3456945855105133e-5, 0.0005337965202046579]"
6,"[0.13567338942171744, 0.021428113268714865, 0.8427793147453961, 6.110968424090478e-5, 5.807287993167572e-5]"
7,"[0.005962752068058177, 0.0016637227210589297, 0.9865504073518064, 0.0055457415583521, 0.00027737630072755107]"
